title,Marca,Preco_Normal,Preco_Desconto,Preco_Anterior,Desconto,Categoria
"Pack 12 un, Leche extra proteína 1 L",Loncoleche,19788,0,0,0,lacteos
"Pack 12 un, Leche chocolate receta original 1 L",Soprole,18228,0,0,0,lacteos
"Pack 12 un, Leche semidescremada chocolate 1 L",Soprole,18228,0,0,0,lacteos
"Pack 12 un, Leche semidescremada frutilla 1 L",Soprole,18228,0,0,0,lacteos
"Pack 12 un, Leche sin lactosa chocolate 1 L",Loncoleche,17988,0,0,0,lacteos
"Pack 12 un, Leche sin lactosa frutilla 1 L",Loncoleche,17988,0,0,0,lacteos
"Pack 12 un, Leche saborizada light chocolate 1 L",Loncoleche,17988,0,0,0,lacteos
"Pack 12 un, Leche saborizada frutilla 1 L",Colun,17388,0,0,0,lacteos
"Pack 12 un, Leche saborizada vainilla 1 L",Colun,17388,0,0,0,lacteos
"Pack 12 un, Leche saborizada manjar 1 L",Colun,17388,0,0,0,lacteos
"Pack 12 un, Leche saborizada plátano 1 L",Loncoleche,17388,0,0,0,lacteos
"Pack 12 un, Leche saborizada chocolate 1 L",Loncoleche,17388,0,0,0,lacteos
"Pack 12 un, Leche chocolate 1 L",Colun,17268,0,0,0,lacteos
"Pack 12 un, Leche chocolate sin tapa 1 L",Colun,17268,0,0,0,lacteos
"Pañal Plenitud Protect G 22 un,",Plenitud,16799,0,0,0,belleza-y-cuidado-personal
"Pack 12 un, Leche sin lactosa extra calcio 1 L",Loncoleche,16788,0,0,0,lacteos
Leche en Polvo Nido Etapa 5+ Tarro 1600g,Nido,16190,0,0,0,lacteos
"Pack 12 un, Leche descremada sin lactosa 1 L",Colun,14268,0,0,0,lacteos
"Pack 12 un, Leche entera sin lactosa 1 L",Colun,14268,0,0,0,lacteos
"Pack 12 un, Leche semidescremada sin lactosa 1 L",Colun,14268,0,0,0,lacteos
"Pack 12 un, Leche semidescremada sin lactosa 1 L",Loncoleche,13908,0,0,0,lacteos
"Pack 12 un, Leche natural sin lactosa 1 L",Loncoleche,13908,0,0,0,lacteos
Leche en Polvo Nido Entera 1500g,Nido,12149,0,0,0,lacteos
"Pack 12 un, Leche semidescremada sin tapa 1 L",Colun,11988,0,0,0,lacteos
"Pack 12 un, Leche descremada sin tapa 1 L",Colun,11988,0,0,0,lacteos
"Pañales para adultos Tena Pants G 16 unid,",Tena,11950,0,0,0,belleza-y-cuidado-personal
"Pañales para adultos Tena Pants M 16 unid,",Tena,11950,0,0,0,belleza-y-cuidado-personal
"Pack 12 un, Leche descremada sin lactosa 1 L",Loncoleche,11868,0,0,0,lacteos
"Pack 12 un, Leche sin lactosa semidescremada 1 L",Cuisine & Co,11868,0,0,0,lacteos
"Pack 12 un, Leche entera 100% natural 1 L",Soprole,11268,0,0,0,lacteos
"Pack 12 un, Leche semidescremada 100% natural 1 L",Soprole,11268,0,0,0,lacteos
"Pack 12 un, Leche descremada 100% natural 1 L",Soprole,11268,0,0,0,lacteos
Leche en Polvo Nido Forticrece Sin lactosa 840g,Nido,10599,0,0,0,lacteos
"Pack 12 un, Leche entera 1 L",Cuisine & Co,10188,0,0,0,lacteos
"Pack 12 un, Leche semidescremada 1 L",Cuisine & Co,10188,0,0,0,lacteos
"Pack 12 un, leche descremada 1 L c/u",Cuisine & Co,10188,0,0,0,lacteos
Churrascos de asiento 720 g,Cuisine & Co,9979,0,0,0,congelados
"Hamburguesas vacuno caja 10 un, 1 kg",La Crianza,9659,0,0,0,congelados
"Hamburguesas vacuno light caja 10 un, 1 kg",La Crianza,9659,0,0,0,congelados
Leche en polvo entera 1440 g,Colun,8969,0,0,0,lacteos
Hamburguesa vacuno congelada 1 kg,Cuisine & Co,8490,0,0,0,congelados
Leche en Polvo Svelty Sin lactosa Descremada 800g,Svelty,8429,0,0,0,lacteos
"Pañal adulto Tena Pants nocturno L 8 unid,",Tena,8199,0,0,0,belleza-y-cuidado-personal
"Pañal adulto Tena Pants nocturno M 8 unid,",Tena,8199,0,0,0,belleza-y-cuidado-personal
Leche en Polvo Svelty Colágeno Sin Lactosa 500g,Svelty,7999,0,0,0,lacteos
Shampoo limpieza renovadora 1 L,Head & Shoulders,7990,0,0,0,belleza-y-cuidado-personal
Naranja jugo malla 3 kg,Sofruco,7990,0,0,0,frutas
Enjuague bucal Cool Mint Zero alcohol 1 L,Listerine,7989,0,0,0,belleza-y-cuidado-personal
Leche polvo sin lactosa 800 g,Loncoleche,7899,0,0,0,lacteos
"Pack 6 un, Leche chocolate 1 L",Cuisine & Co,7674,0,0,0,lacteos
Pollo asado kg,Cuisine & Co,7485,0,0,0,comidas-preparadas
Mix empanadas cocktail 720 g,Cuisine & Co,7450,0,0,0,comidas-preparadas
Leche en polvo entera 900 g,Nido,7199,0,0,0,lacteos
Nuggets de Pollo Receta del Abuelo 1 kg,Receta Del Abuelo,7090,0,0,0,congelados
Enjuague bucal Cool Mint Zero alcohol 500 ml + 250 ml,Listerine,6869,0,0,0,belleza-y-cuidado-personal
"Pasta dental Total 12 clean mint 3 un, 75 ml",Colgate,6790,0,0,0,belleza-y-cuidado-personal
Leche polvo extra calcio descremada 800 g,Calo,6769,0,0,0,lacteos
Pizza Pepperoni congelada 700 g,La Crianza,6590,0,0,0,comidas-preparadas
"Pack 6 un, Leche semidescremada sin lactosa 1 L",Surlat,6534,0,0,0,lacteos
"Pack 6 un, Leche descremada sin lactosa 1 L",Surlat,6534,0,0,0,lacteos
Hamburguesa vacuno 900 g,San Jorge,6390,0,0,0,congelados
Leche en Polvo Svelty Descremada 800g,Svelty,6229,0,0,0,lacteos
"Pack 6 un, Leche semidescremada 1 L",Surlat,5934,0,0,0,lacteos
"Pack 6 un, Leche entera",Surlat,5934,0,0,0,lacteos
"Pack 6 un, Leche descremada 1 L",Surlat,5934,0,0,0,lacteos
Papa malla 5 kg,Jumbo,5850,0,0,0,verduras
"Huevos medianos blancos bandeja 30 un,",Cuisine & Co,5719,0,0,0,lacteos
Shampoo Hidra Hialurónico 680 ml,Elvive,5589,0,0,0,belleza-y-cuidado-personal
Leche polvo instantánea 26 mg 900 g,Calo,5419,0,0,0,lacteos
Helado lúcuma manjar 1 L,San Francisco De Loncomilla,5399,0,0,0,congelados
"Helado menta con choco chips 1,42 L",Turkey Hill,5399,0,0,0,congelados
Helado de frambuesas a la crema 1 L,San Francisco De Loncomilla,5399,0,0,0,congelados
Helado de tronco de castaña 1 L,San Francisco De Loncomilla,5399,0,0,0,congelados
"Helado banana split 1,42 L",Turkey Hill,5399,0,0,0,congelados
Helado tres leches 1 L,San Francisco De Loncomilla,5399,0,0,0,congelados
Postre helado plátano manjar 1 L,San Francisco De Loncomilla,5399,0,0,0,congelados
Helado brownie 1 L,San Francisco De Loncomilla,5399,0,0,0,congelados
Helado suspiro limeño 1 L,San Francisco De Loncomilla,5399,0,0,0,congelados
Helado de pie de limón 1 L,San Francisco De Loncomilla,5399,0,0,0,congelados
Helado papayas a la crema 1 L,San Francisco De Loncomilla,5399,0,0,0,congelados
"Helado chocolate holandés con marshmallows 1,65 L",Turkey Hill,5399,0,0,0,congelados
Helado chocolate nuss 1 L,San Francisco De Loncomilla,5399,0,0,0,congelados
Postre helado Cookies & Cream 1 L,San Francisco De Loncomilla,5399,0,0,0,congelados
Helado mangos a la crema 1 L,San Francisco De Loncomilla,5399,0,0,0,congelados
Puré de Papas Maggi 1kg,Maggi,5399,0,0,0,instantaneos-y-sopas
Pasta dental Luminous White brilliant 125 ml,Colgate,5390,0,0,0,belleza-y-cuidado-personal
"Empanada de pino casera 2 un,",Bredenmaster,5390,0,0,0,comidas-preparadas
Leche en polvo entera 900 g,Colun,5389,0,0,0,lacteos
Leche en polvo descremada 800 g,Colun,5389,0,0,0,lacteos
"Huevos color gallina libre 20 un,",Cuisine & Co,5349,0,0,0,lacteos
Helado menta chips 900 ml,Bravissimo,5329,0,0,0,congelados
Leche polvo descremada 800 g,Calo,5249,0,0,0,lacteos
Nuggets de pollo 1 kg,Super Pollo,5190,0,0,0,congelados
Leche en Polvo Ideal Instantánea 900g,Ideal,5189,0,0,0,lacteos
Shampoo Bambú 400 ml + Bálsamo 400 ml,Pantene,5090,0,0,0,belleza-y-cuidado-personal
Helado 0% azúcar vainilla 1 L,San Francisco De Loncomilla,5049,0,0,0,congelados
Helado 0% azúcar chocolate 1 L,San Francisco De Loncomilla,5049,0,0,0,congelados
Helado 0% azúcar frutos del bosque 1 L,San Francisco De Loncomilla,5049,0,0,0,congelados
Profiteroles 6/p 500 g,Solo Italia,4999,0,0,0,comidas-preparadas
Stracciatella 6/p 500 g,Solo Italia,4999,0,0,0,comidas-preparadas
Agua Micelar 400 ml Skin Active,Garnier,4990,0,0,0,belleza-y-cuidado-personal
"Pack 2 un, Desodorante spray Sensitive protect 150 ml",Nivea,4899,0,0,0,belleza-y-cuidado-personal
Nuggets de pollo Ready 1 kg,Cuisine & Co,4899,0,0,0,congelados
Margarina 1 kg,Sureña,4849,0,0,0,lacteos
Helado La Cremería Brownie 1L,Savory,4819,0,0,0,congelados
Helado La Cremería Papayas a la Crema 1L,Savory,4819,0,0,0,congelados
Helado Sahne Nuss 900ml,Sahne Nuss,4819,0,0,0,congelados
Helado La Cremería Brownie Frambuesa 1L,Savory,4819,0,0,0,congelados
Helado tres leches 1 L,Savory,4819,0,0,0,congelados
Helado La Cremería Maracuyá 1L,Savory,4819,0,0,0,congelados
Helado La Cremería Plátano Manjar 1L,Savory,4819,0,0,0,congelados
Papas Duquesas 1 kg,Minuto Verde,4790,0,0,0,congelados
Pasta fresca girasoli ricotta espinaca Rana 250 g,Rana,4790,0,0,0,comidas-preparadas
Pasta fresca ravioli 4 quesos Rana 250 g,Rana,4790,0,0,0,comidas-preparadas
Talco para pies 220 g + talco 80 g,Brooks,4769,0,0,0,belleza-y-cuidado-personal
Frambuesa congelada 400 g,Cuisine & Co,4759,0,0,0,congelados
Puré de papas instantáneo tradicional 1 kg,Alcafood,4699,0,0,0,instantaneos-y-sopas
Palta hass extra malla 1 kg,Frutas Y Verduras Propias,4690,0,0,0,verduras
"Hel multipack 0% azúcar choco vainilla 5 un, 70 g",San Francisco De Loncomilla,4669,0,0,0,congelados
"Pack paleta helado choco nuss 5 un, 80 g c/u",San Francisco De Loncomilla,4669,0,0,0,congelados
Lasagna mix de quesos 600 g,Sadia,4649,0,0,0,comidas-preparadas
Papas Pre fritas 1 kg,Minuto Verde,4590,0,0,0,congelados
Pizza Italia Roma 500 g,Cuisine & Co,4590,0,0,0,comidas-preparadas
Pizza Italia Sicilia 490 g,Cuisine & Co,4590,0,0,0,comidas-preparadas
Puré de papas instantáneo 800 g,Cuisine & Co,4569,0,0,0,instantaneos-y-sopas
Barra de fruta frambuesa 8 x 55 g c/u,Guallarauco,4549,0,0,0,congelados
Barra de fruta naranja frutilla 8 x 55 g c/u,Guallarauco,4549,0,0,0,congelados
"Pasta dental Max White crystal mint 3 un, 75 ml",Colgate,4499,0,0,0,belleza-y-cuidado-personal
Helado multipack Flipy 600 ml,Bresler,4499,0,0,0,congelados
Filetitos de pollo 400 g,La Crianza,4490,0,0,0,congelados
"Desodorante masculino fresh barra 50 g 2 un,",Old Spice,4459,0,0,0,belleza-y-cuidado-personal
"Huevos extra grandes color bandeja 20 un,",Cuisine & Co,4459,0,0,0,lacteos
Falafel tradicional 400 g,Tivoni,4450,0,0,0,congelados
Colonia Splash 1 L,Bellekiss,4349,0,0,0,belleza-y-cuidado-personal
"Pack hilo dental 2 un, 50 m c/u",Colgate,4290,0,0,0,belleza-y-cuidado-personal
Pizza mediterránea 445 g,Cuisine & Co,4190,0,0,0,comidas-preparadas
Pizza pepperoni 445 g,Cuisine & Co,4190,0,0,0,comidas-preparadas
Pizza tocino 445 g,Cuisine & Co,4190,0,0,0,comidas-preparadas
Ñoquis Capresse 400 g,Cuisine & Co,4190,0,0,0,comidas-preparadas
"Huevos extra grandes blancos bandeja 20 un,",Cuisine & Co,4169,0,0,0,lacteos
Shampoo manzana fresh 375 ml,Head & Shoulders,4159,0,0,0,belleza-y-cuidado-personal
Shampoo Protección Caída con cafeína 375 ml,Head & Shoulders,4159,0,0,0,belleza-y-cuidado-personal
Shampoo Control Grasa 375 ml,Head & Shoulders,4159,0,0,0,belleza-y-cuidado-personal
Papas Duquesas 1 kg,Frutos Del Maipo,4159,0,0,0,congelados
Papas prefritas 1 Kg,Frutos Del Maipo,4159,0,0,0,congelados
"Pack 12 un, Probiótico defensas sabor multifruta 80 ml",Soprole,4049,0,0,0,lacteos
"Pack 12 un, Probiótico defensas sabor frutilla 80 ml",Soprole,4049,0,0,0,lacteos
"Shampoo anticaspa pelo graso 2 un, 350 ml c/u",Linic,3999,0,0,0,belleza-y-cuidado-personal
Shampoo Colorvive Purple 200 ml,Elvive,3999,0,0,0,belleza-y-cuidado-personal
Gel Style Tarro Extra Fuerte 600 g,Fructis,3999,0,0,0,belleza-y-cuidado-personal
"Cepillo dental 7 Beneficios 2 un,",Oral-B,3999,0,0,0,belleza-y-cuidado-personal
Chocolate en polvo 800 g,Base Culinar,3999,0,0,0,lacteos
Pasta de choclo 1 kg,Minuto Verde,3990,0,0,0,congelados
Choclo trozo 680 g,Minuto Verde,3990,0,0,0,congelados
Chicken Fingers Rebozados Sadia 480 g,Sadia,3990,0,0,0,congelados
Palta hass malla 1 kg,Frutas Y Verduras Propias,3990,0,0,0,verduras
Shampoo Color Vive 370 ml,Elvive,3989,0,0,0,belleza-y-cuidado-personal
Acondicionador Dream Long 370 ml,Elvive,3989,0,0,0,belleza-y-cuidado-personal
Shampoo Dream Long 370 ml,Elvive,3989,0,0,0,belleza-y-cuidado-personal
Pizza listo congelada jamón queso 465 g,PF,3980,0,0,0,comidas-preparadas
Pizza Listo congelada pepperoni 430 g,PF,3980,0,0,0,comidas-preparadas
"Bebida láctea Chamyto multipack frutilla 12 un, 80 ml",Nestlé,3929,0,0,0,lacteos
"Bebida láctea multipack frambuesa 12 un, 80 ml",Chamyto,3929,0,0,0,lacteos
Manteca Delicias 1 kg,Soprole,3929,0,0,0,lacteos
"Pasta dental 3DWhite 2 un, 100 g",Oral-B,3899,0,0,0,belleza-y-cuidado-personal
Waffle estilo casero 350 g,Zole,3890,0,0,0,congelados
Helado multipack Suny 350 ml,Bresler,3869,0,0,0,congelados
Barra de fruta lúcuma manjar 6 x 60 g c/u,Guallarauco,3829,0,0,0,congelados
Barra de fruta frambuesa 6 x 60 g c/u,Guallarauco,3829,0,0,0,congelados
Barra de fruta mango 6 x 60 g c/u,Guallarauco,3829,0,0,0,congelados
Barra de fruta tropical 360 g,Guallarauco,3829,0,0,0,congelados
Barra de fruta chirimoya 6 x 60 g c/u,Guallarauco,3829,0,0,0,congelados
"Empanada queso jamón 2 un,",Bredenmaster,3790,0,0,0,comidas-preparadas
"Pasta dental Triple Acción menta original 2 un, 150 ml c/u",Colgate,3789,0,0,0,belleza-y-cuidado-personal
Nargarina con sal 1 kg,Qualy,3779,0,0,0,lacteos
Puré de papas 1 kg,Máxima MP,3779,0,0,0,instantaneos-y-sopas
Saborizante para leche Nesquik Chocolate Sin Azúcar Añadida Tarro 350g,Nesquik,3769,0,0,0,lacteos
Mix smoothie Minuto Verde red antioxidante 500 g,Minuto Verde,3729,0,0,0,congelados
"Empanada queso chanco 2 un,",Bredenmaster,3690,0,0,0,comidas-preparadas
Postre Helado Sahne Nuss 1L,Sahne Nuss,3689,0,0,0,congelados
"Protectores protección con perfume 100 un,",Carefree,3659,0,0,0,belleza-y-cuidado-personal
"Pack 12 un, Probiótico defensas con bombilla sabor frutilla 80 ml",Soprole,3649,0,0,0,lacteos
Jabón íntimo Sensitiv 200 ml,Nosotras,3639,0,0,0,belleza-y-cuidado-personal
Saborizante para leche Nestlé Cacao Dark 230g,Nestlé,3599,0,0,0,lacteos
"Empanada napolitana 2 un,",Bredenmaster,3590,0,0,0,comidas-preparadas
"Empanada pollo 2 un,",Bredenmaster,3590,0,0,0,comidas-preparadas
Mix berries congelado 400 g,Cuisine & Co,3559,0,0,0,congelados
Mantequilla untable con sal 350 g,Calo,3549,0,0,0,lacteos
"Protectores diarios todos los días 100 un,",Carefree,3499,0,0,0,belleza-y-cuidado-personal
"Máquinas de afeitar Venus Simply3 2 un,",Gillette,3499,0,0,0,belleza-y-cuidado-personal
Arrollado primavera de cerdo 400 g,Alimentos Shen,3499,0,0,0,congelados
"Pasta dental Triple Acción menta original 3 un, 75 ml c/u",Colgate,3490,0,0,0,belleza-y-cuidado-personal
"Pasta dental Triple Acción xtra frescura 2 un, 90 g c/u",Colgate,3490,0,0,0,belleza-y-cuidado-personal
"Pasta dental Kids Fresantástico 3 un, 50 g c/u",Colgate,3490,0,0,0,belleza-y-cuidado-personal
Pasta fresca gnocchi de papa Rana 500 g,Rana,3490,0,0,0,comidas-preparadas
"Protectores diarios Ladysoft tela suave 100 un,",Ladysoft,3429,0,0,0,belleza-y-cuidado-personal
Bombón Helado Sahne Nuss Chocolate 225ml,Sahne Nuss,3429,0,0,0,congelados
Arrollado napolitano jamón queso 400 g,Alimentos Shen,3399,0,0,0,congelados
Mango congelado 500 g,Cuisine & Co,3359,0,0,0,congelados
"Cepillo dental Oral-B Indicator Extra Soft 2 un,",Oral-B,3290,0,0,0,belleza-y-cuidado-personal
Papas duquesas 1 kg,Cuisine & Co,3290,0,0,0,congelados
Frutos del Bosque 400 g,Minuto Verde,3290,0,0,0,congelados
Ravioles ricotta espinaca 250 g,Cuisine & Co,3290,0,0,0,comidas-preparadas
Ravioles carne 250 g,Cuisine & Co,3290,0,0,0,comidas-preparadas
Sorrentinos capresse 250 g,Cuisine & Co,3290,0,0,0,comidas-preparadas
Panzotti ricotta mozzarella jamón 250 g,Cuisine & Co,3290,0,0,0,comidas-preparadas
Nuggets Plan Based 300 g,La Crianza,3259,0,0,0,congelados
Bombón Helado Savory Pura Fruta Frambuesa Chocolate amargo 225ml,Savory,3250,0,0,0,congelados
Desodorante original femenino barra 50 g,Dove,3249,0,0,0,belleza-y-cuidado-personal
Desodorante Dermo Aclarant barra 50 g,Dove,3249,0,0,0,belleza-y-cuidado-personal
Postre helado Charlot frambuesa 1 L,Savory,3239,0,0,0,congelados
Postre helado Charlot vainilla 1 L,Savory,3239,0,0,0,congelados
Postre helado Charlot tres leches 1 L,Savory,3239,0,0,0,congelados
"Protector diario Kotex 100 un,",Kotex,3199,0,0,0,belleza-y-cuidado-personal
Desodorante barra Invisible Dry 50 g,Dove Men,3199,0,0,0,belleza-y-cuidado-personal
Nugget de verdura 400 g,La Crianza,3199,0,0,0,congelados
Empanada raviolera queso 552 g,Cuisine & Co,3190,0,0,0,congelados
"Empanada pino 2 un,",Bredenmaster,3190,0,0,0,comidas-preparadas
Ñoquis de papa 500 g,Cuisine & Co,3190,0,0,0,comidas-preparadas
Ñoquis Tricolor 500 g,Cuisine & Co,3190,0,0,0,comidas-preparadas
Crema dental active white 160 g,Aquafresh,3179,0,0,0,belleza-y-cuidado-personal
"Pack 6 un, Leche moments cappuccino 200 ml",Danone,3174,0,0,0,lacteos
"Pack 6 un, Leche moments moca 200 ml",Danone,3174,0,0,0,lacteos
Bebida láctea Máxima 800 g,Máxima MP,3160,0,0,0,lacteos
Piña congelada 500 g,Cuisine & Co,3159,0,0,0,congelados
"Sabanillas con tecnología gel 6 un, 90 x 60 cm c/u",Cotosan,3149,0,0,0,belleza-y-cuidado-personal
"Huevo grande de gallina libre 12 un,",Cintazul,3149,0,0,0,lacteos
"Huevos color gallina libre 12 un,",Cuisine & Co,3129,0,0,0,lacteos
Bombón helado chomp frambuesa a la crema 225 ml,Savory,3119,0,0,0,congelados
Mantequilla vegetal aceite coco 125 g,Signore Mario,3099,0,0,0,lacteos
Nuggets de pollo 400 g,La Crianza,3090,0,0,0,congelados
"Pack 6 un, Leche proteína chocolate 200 ml",Soprole,3090,0,0,0,lacteos
Margarina sin lactosa 500 g,Loncoleche,3079,0,0,0,lacteos
Margarina Mix 500 g,Sureña,3069,0,0,0,lacteos
Petit suisse Chiquitín Frutilla multipack 12x45g,Chiquitín,3069,0,0,0,lacteos
Mantequilla de campo 230 g,San Ignacio,3069,0,0,0,lacteos
Arándanos congelado 400 g,Cuisine & Co,3059,0,0,0,congelados
Desodorante barra Double Defense Floral Fresh 45 g,Lady Speed Stick,2999,0,0,0,belleza-y-cuidado-personal
Desodorante barra Invisible Floral 45 g,Lady Speed Stick,2999,0,0,0,belleza-y-cuidado-personal
Desodorante barra hipoalergénico 50 g,Speed Stick,2999,0,0,0,belleza-y-cuidado-personal
Desodorante roll on invisible Black & White clear 50 ml,Nivea,2999,0,0,0,belleza-y-cuidado-personal
Desodorante roll on invisible b&w 50 ml,Nivea,2999,0,0,0,belleza-y-cuidado-personal
Helado vainilla 1 L,Bresler,2999,0,0,0,congelados
Helado chocolate 1 L,Bresler,2999,0,0,0,congelados
Helado chocolate frutilla y vainilla 1 L,Bresler,2999,0,0,0,congelados
Helado piña 1 L,Bresler,2999,0,0,0,congelados
Mantequilla de campo 250 g,Kumey,2999,0,0,0,lacteos
"Pack 6 un, Bebida láctea manjar 170 ml",Shake A Shake Lonco Leche,2994,0,0,0,lacteos
"Pack 6 un, Bebida láctea chocolate 170 ml",Shake A Shake Lonco Leche,2994,0,0,0,lacteos
Naranja malla 2 kg,Frutas Y Verduras Propias,2990,0,0,0,frutas
Tomate cherry clamshell 500 g,Frutas Y Verduras Propias,2990,0,0,0,verduras
"Protectores diarios cortos normal 100 un,",Nosotras,2989,0,0,0,belleza-y-cuidado-personal
"Pack 6 un, Leche light chocolate 200 ml",Colun,2970,0,0,0,lacteos
Porotos granados 500 g,Frutos Del Maipo,2959,0,0,0,congelados
Pulpa de Frambuesas doypack 335 g,Minuto Verde,2959,0,0,0,congelados
Helado de agua de frambuesa 1 L,San Francisco De Loncomilla,2949,0,0,0,congelados
Helado de agua de arándano 1 L,San Francisco De Loncomilla,2949,0,0,0,congelados
Helado de agua de limón 1 L,San Francisco De Loncomilla,2949,0,0,0,congelados
Helado de agua de piña 1 L,San Francisco De Loncomilla,2949,0,0,0,congelados
Helado sabor agua mango 1 L,San Francisco De Loncomilla,2949,0,0,0,congelados
"Pack 5 un, Yoghurt con cereales 140 g",Soprole,2939,0,0,0,lacteos
"Pack 6 un, Bebida láctea mora 200 ml",Yogu - Yogu,2934,0,0,0,lacteos
"Pack 6 un, Bebida láctea frutilla 200 ml",Yogu - Yogu,2934,0,0,0,lacteos
"Pack 6 un, Bebida láctea chirimoya 200 ml",Yogu - Yogu,2934,0,0,0,lacteos
"Pack 6 un, Bebida láctea damasco 200 ml",Yogu - Yogu,2934,0,0,0,lacteos
Margarina1 kg,Pamperita,2929,0,0,0,lacteos
Margarina Mix con mantequilla 500 g,Soprole,2929,0,0,0,lacteos
"Huevos de codorniz 24 un,",Cuisine & Co,2919,0,0,0,lacteos
"Pack 6 un, Leche sin lactosa descremada 200 ml",Colun,2910,0,0,0,lacteos
Huevos grandes color Omega 3 12 unid,Omega 3,2899,0,0,0,lacteos
"Toallas higiénicas Nosotras Buenas Noches normal 20 un,",Nosotras,2890,0,0,0,belleza-y-cuidado-personal
Papa malla 2 kg,Frutas Y Verduras Propias,2890,0,0,0,verduras
Mantequilla sin lactosa 250 g,Surlat,2879,0,0,0,lacteos
"Pack 12 un, Yoghurt batido 125 g",Colun,2869,0,0,0,lacteos
Complete 4 en 1 pasta dental 66 ml,Oral-B,2859,0,0,0,belleza-y-cuidado-personal
Leche Trencito Chocolate Multipack 6x200ml,Nestlé,2850,0,0,0,lacteos
"Toallas higiénicas Always Seca Noche 16 un,",Always,2849,0,0,0,belleza-y-cuidado-personal
"Cepillo dental Twister Fresh medio 3 un,",Colgate,2849,0,0,0,belleza-y-cuidado-personal
Mantequilla untable 200 g,Soprole,2829,0,0,0,lacteos
Pasta dental Total 12 anti sarro 90 g,Colgate,2820,0,0,0,belleza-y-cuidado-personal
"Pack 6 un, Leche saborizada individual chocolate 200 ml",Loncoleche,2814,0,0,0,lacteos
"Pack 6 un, Leche chocolatada 200 ml",Loncoleche,2814,0,0,0,lacteos
"Pack 6 un, Leche saborizada individual vainilla 200 ml",Loncoleche,2814,0,0,0,lacteos
"Pack 6 un, Leche semidescremada sin lactosa 200 ml",Loncoleche,2814,0,0,0,lacteos
"Pack 6 un, Leche semidescremada chocolate 200 ml",Colun,2790,0,0,0,lacteos
Yoghurt + Cereal Nestlé Chocapic + Zucosos multipack 710g,Nestlé,2779,0,0,0,lacteos
Yoghurt + Cereal Nestlé Chocapic+ Milo multipack 5x142g,Nestlé,2779,0,0,0,lacteos
Jabón líquido cremoso Soft 750 ml,Nivea,2699,0,0,0,belleza-y-cuidado-personal
"Pack 2 un, Jabón barra almendras o Frutos rojos 150 g",Le Sancy,2699,0,0,0,belleza-y-cuidado-personal
"Cepillo dental triple acción suave 2 un,",Colgate,2690,0,0,0,belleza-y-cuidado-personal
"Toallas higiénicas Ladysoft nocturna ultradelgada 16 un,",Ladysoft,2670,0,0,0,belleza-y-cuidado-personal
"Pack 6 un, Leche semidescremada chocolate 200 ml",Soprole,2670,0,0,0,lacteos
"Pack 6 un, Leche semidescremada frutilla 200 ml",Soprole,2670,0,0,0,lacteos
"Pack 6 un, Leche sin lactosa semidescremada chocolate 200 ml",Soprole,2670,0,0,0,lacteos
"Pack 6 un, Leche chocolate receta original 200 ml",Soprole,2670,0,0,0,lacteos
Yoghurt trozos berries pote 800 g,Quillayes,2669,0,0,0,lacteos
Frutilla congelada 500 g,Cuisine & Co,2668,0,0,0,congelados
"Pack 3 un, Leche cappuccino sin lactosa 330 ml",Colun,2637,0,0,0,lacteos
"Pack 3 un, Leche light cappuccino prisma 330 ml",Colun,2637,0,0,0,lacteos
"Pack 3 un, Leche caramelo prisma 330 ml",Colun,2637,0,0,0,lacteos
Mantequilla 200 g,Colun,2629,0,0,0,lacteos
Cepillo de dientes minipep ultrasuave 2-6 años,Pepsodent,2619,0,0,0,belleza-y-cuidado-personal
Pulpa de Mango doypack 335 g,Minuto Verde,2619,0,0,0,congelados
"Jabón barra avena 3 un, 90 g c/u",Protex,2599,0,0,0,belleza-y-cuidado-personal
Pasta dental Natural Extracts carbón 90 g,Colgate,2599,0,0,0,belleza-y-cuidado-personal
"Toallas higiénicas Kotex Ultrafina nocturna con alas 15 un,",Kotex,2590,0,0,0,belleza-y-cuidado-personal
Lasaña boloñesa Listo 330 g,PF,2590,0,0,0,comidas-preparadas
Lasaña espinaca champiñón Listo 330 g,PF,2590,0,0,0,comidas-preparadas
Yoghurt batido multipack tradicional 12 x 115 g,Nestlé,2589,0,0,0,lacteos
Yoghurt batido multipack berries 12 x 115 g,Nestlé,2589,0,0,0,lacteos
Crema para peinar Control y definición Rizos M 300 ml,Fructis,2579,0,0,0,belleza-y-cuidado-personal
Margarina Bonella Sabor Mantequilla Pote 500 g,Bonella,2579,0,0,0,lacteos
Huevos Grandes Color Santa Marta 12 unid,Santa Marta,2579,0,0,0,lacteos
"Pack 6 un, Leche descremada 200 ml",Colun,2574,0,0,0,lacteos
"Pack 6 un, Leche semidescremada 200 ml",Colun,2574,0,0,0,lacteos
Mantequilla sin sal 250 g,Colun,2499,0,0,0,lacteos
Margarina light pote 500 g,Bonella,2489,0,0,0,lacteos
"Huevos grandes blancos 12 un,",Cintazul,2479,0,0,0,lacteos
Mantequilla con sal 250 g,Quillayes,2479,0,0,0,lacteos
Mantequilla con sal 250 g,Calo,2479,0,0,0,lacteos
Yoghurt natural 0% pote 800 g,Quillayes,2479,0,0,0,lacteos
"Huevos grandes color bandeja 12 un,",Cuisine & Co,2469,0,0,0,lacteos
Mantequilla con sal 250 g,Soprole,2459,0,0,0,lacteos
"Huevos grandes blancos bandeja 12 un,",Cuisine & Co,2429,0,0,0,lacteos
"Cepillo dental Tonny Dento 3+ extra suave 2 un,",Dento,2399,0,0,0,belleza-y-cuidado-personal
"Cepillo dental Twister Fresh suave 2 un,",Colgate,2390,0,0,0,belleza-y-cuidado-personal
"Cepillo dental Twister Fresh medio 2 un,",Colgate,2390,0,0,0,belleza-y-cuidado-personal
Tintura máximo brillo 8/1 rubio claro ceniza,Ilicit,2390,0,0,0,belleza-y-cuidado-personal
Pasta untable Ave Pimiento 250 g,Corbac,2390,0,0,0,comidas-preparadas
Pasta ave mayo 250 g,Santa Isabel,2390,0,0,0,comidas-preparadas
Pasta untable club 250 g,Corbac,2390,0,0,0,comidas-preparadas
Mantequilla con sal de mar 250 g,Soprole,2389,0,0,0,lacteos
Cepillo dental Kids Mickey,Oral-B,2359,0,0,0,belleza-y-cuidado-personal
Saborizante para leche Nesquik Vainilla Bolsa 380g,Nesquik,2349,0,0,0,lacteos
Leche cultivada proteína frutilla 1 L,Soprole,2329,0,0,0,lacteos
Levadura fresca 500 g,Lefersa,2329,0,0,0,lacteos
Sucedáneo de chorizo vegano 260 g,Rikü,2299,0,0,0,congelados
"Naranja malla 1,5 kg",Frutas Y Verduras Propias,2290,0,0,0,frutas
Tomate mix coctel variedades 300 g,Frutas Y Verduras Propias,2290,0,0,0,verduras
Mantequilla con sal 250 g,Surlat,2289,0,0,0,lacteos
Habas tiernas 400 g,La Crianza,2259,0,0,0,congelados
Mantequilla con sal 250 g,Los Alerces,2259,0,0,0,lacteos
"Toallas higiénicas Always Suave Ultrafina 16 un,",Always,2239,0,0,0,belleza-y-cuidado-personal
Margarina untable aceite oliva 250 g,Loncoleche,2229,0,0,0,lacteos
Leche cultivada sin lactosa chirimoya 1 L,Zerolacto,2219,0,0,0,lacteos
Leche cultivada sin lactosa frutilla 1 L,Zerolacto,2219,0,0,0,lacteos
Mantequilla vegetal 227 g,Bonella,2190,0,0,0,lacteos
"Piña un,",Frutas Y Verduras Propias,2190,0,0,0,frutas
"Zapallo europeo un,",Frutas Y Verduras Propias,2190,0,0,0,verduras
"Pack 3 un, Jabón en barra Le Sancy variedades 90 g c/u",Le Sancy,2179,0,0,0,belleza-y-cuidado-personal
"Jabón barra frutos rojos 3 un, 90 g c/u",Le Sancy,2179,0,0,0,belleza-y-cuidado-personal
Yogurt Triple Zero natural 900 g,Activia,2179,0,0,0,lacteos
Yogurt Activia sin lactosa Bolsa 900g,Activia,2179,0,0,0,lacteos
Mantequilla 250 g,Santa Isabel,2139,0,0,0,lacteos
"Pack 6 un, Probiótico defensas sabor frutilla 80 ml",Soprole,2119,0,0,0,lacteos
"Jabón barra orchideas 3 un, 85 g",Nivea,2099,0,0,0,belleza-y-cuidado-personal
"Jabón barra avena 3 un, 85g",Nivea,2099,0,0,0,belleza-y-cuidado-personal
"Máquina de afeitar piel sensible 3 unid,",Schick,2099,0,0,0,belleza-y-cuidado-personal
"Pack 6 un, Leche chocolate 200 ml",Cuisine & Co,2094,0,0,0,lacteos
Jabón líquido Dermo Care avena 1 L,Simond'S,2090,0,0,0,belleza-y-cuidado-personal
Jabón líquido Dermo Care cremoso pH neutro 1 L,Simond'S,2090,0,0,0,belleza-y-cuidado-personal
Jabón líquido Dermo Care 1 L,Simond'S,2090,0,0,0,belleza-y-cuidado-personal
Nugget Crocante Sadia 300 g,Sadia,2090,0,0,0,congelados
"Pack 6 un, Yoghurt batido con bombilla frutilla 115 g",Soprole,2089,0,0,0,lacteos
"Pack 6 un, Yoghurt batido con bombilla vainilla 155 g",Soprole,2089,0,0,0,lacteos
Habas 500 g,Minuto Verde,2079,0,0,0,congelados
Yoghurt batido Calan 110 g 12 unid,Calan,2079,0,0,0,lacteos
Yoghurt batido frutilla 1 kg,Soprole,2069,0,0,0,lacteos
Yoghurt batido vainilla 1 kg,Soprole,2069,0,0,0,lacteos
Leche proteína chocolate 1 L,Soprole,2069,0,0,0,lacteos
Yoghurt batido damasco 1 kg,Soprole,2069,0,0,0,lacteos
Arvejas tiernas 400 g,La Crianza,2059,0,0,0,congelados
Pizza jamón queso individual 250 g,PF,2050,0,0,0,comidas-preparadas
Pizza pepperoni individual 230 g,PF,2050,0,0,0,comidas-preparadas
"Bebida láctea Chamyto multipack tutti-frutti 6 un, 80 ml",Nestlé,2039,0,0,0,lacteos
"Pack 6 un, Bebida láctea frambuesa 80 ml",Nestlé,2039,0,0,0,lacteos
"Pack 6 un, Bebida láctea natural 80 ml",Nestlé,2039,0,0,0,lacteos
"Máquina de afeitar Prestobarba3 F1 roja 2 un,",Gillette,1999,0,0,0,belleza-y-cuidado-personal
Hamburguesa tres quínoas 200 g,Rikü,1999,0,0,0,congelados
Hamburguesa de garbanzos 200 g,Rikü,1999,0,0,0,congelados
"Cepillo dental mediano 2 un,",Dento,1990,0,0,0,belleza-y-cuidado-personal
"Cepillo dental plus suave 2 un,",Dento,1990,0,0,0,belleza-y-cuidado-personal
Jabón espuma vainilla 300 ml,Family Care,1990,0,0,0,belleza-y-cuidado-personal
Jabón líquido PH5 1 L,Ballerina,1990,0,0,0,belleza-y-cuidado-personal
Jabón líquido aceite de almendras 750 ml,Le Sancy,1990,0,0,0,belleza-y-cuidado-personal
Jabón alcohol gel 250 ml,Family Care,1990,0,0,0,belleza-y-cuidado-personal
Choclo tierno 400 g,La Crianza,1990,0,0,0,congelados
Anillos de cebolla tempura 400 g,Cuisine & Co,1990,0,0,0,congelados
Zapallo Camote picado 500 g,Frutas Y Verduras Propias,1990,0,0,0,verduras
Zapallo en Cubos 500 g,Frutas Y Verduras Propias,1990,0,0,0,verduras
Jabón líquido blanco 750 ml,Simond'S,1989,0,0,0,belleza-y-cuidado-personal
Margarina con sal 500 g,Qualy,1989,0,0,0,lacteos
Margarina canola pote 400 g,Cuisine & Co,1989,0,0,0,lacteos
"Toallas higiénicas Naturella Ultra con manzanilla 14 un,",Naturella,1979,0,0,0,belleza-y-cuidado-personal
Leche culivada vainilla 1 L,Soprole,1979,0,0,0,lacteos
Nuggets de pollo Ready 400 g,Cuisine & Co,1959,0,0,0,congelados
Choclo 500 g,Minuto Verde,1959,0,0,0,congelados
Primavera de verduras bolsa 500 g,Minuto Verde,1959,0,0,0,congelados
Arvejas 500 g,Minuto Verde,1959,0,0,0,congelados
Ensalada jardinera congelado 500 g,Minuto Verde,1959,0,0,0,congelados
Ensalada Jardinera 500 g,Frutos Del Maipo,1959,0,0,0,congelados
Tomate larga vida malla 1 kg,Frutas Y Verduras Propias,1950,0,0,0,verduras
Leche Break sin lactosa cappuccino 1 L,Loncoleche,1929,0,0,0,lacteos
Leche Break sin lactosa chocolate y avellana 1 L,Loncoleche,1929,0,0,0,lacteos
"Cepillo dental Limpieza Profunda 2 un,",Oral-B,1899,0,0,0,belleza-y-cuidado-personal
Pasta dental anticaries NeutrAzúcar 90 g,Colgate,1890,0,0,0,belleza-y-cuidado-personal
Mandarina malla 1 kg,Frutas Y Verduras Propias,1890,0,0,0,frutas
Yoghurt light Colun sin lactosa chirimoya 1 kg,Colun,1889,0,0,0,lacteos
Margarina light 500 g,Calo,1889,0,0,0,lacteos
Yoghurt light Colun sin lactosa frutilla 1 kg,Colun,1889,0,0,0,lacteos
Yoghurt batido Loncoleche sin lactosa vainilla bolsa 900 g,Loncoleche,1879,0,0,0,lacteos
Yogurt sin lactosa frutilla 900 g,Loncoleche,1879,0,0,0,lacteos
"Jabón líquido cremoso doypack 1,5 L",Bellekiss,1859,0,0,0,belleza-y-cuidado-personal
"Jabón líquido avena doypack 1,5 L",Bellekiss,1859,0,0,0,belleza-y-cuidado-personal
"Jabón líquido coco vainilla doypack 1,5 L",Bellekiss,1859,0,0,0,belleza-y-cuidado-personal
Hamburguesa de vacuno Mastodonte 185 g,La Crianza,1859,0,0,0,congelados
Margarina 500 g,Soprole,1859,0,0,0,lacteos
Leche Danone Moments Cappuccino 1 L,Danone,1829,0,0,0,lacteos
Leche proteína semidescremada natural 1 L,Soprole,1829,0,0,0,lacteos
Leche cultivada light 0% + fibra chirimoya 1 L,Colun,1819,0,0,0,lacteos
Leche cultivada light 0% + fibra frutilla 1 L,Colun,1819,0,0,0,lacteos
Limón sutil malla 500 g,Frutas Y Verduras Propias,1790,0,0,0,verduras
Leche extra proteína 1 L,Loncoleche,1789,0,0,0,lacteos
Leche Loncoleche cappucino proteína 1 L,Loncoleche,1789,0,0,0,lacteos
Leche proteína chocolate 1 L,Loncoleche,1789,0,0,0,lacteos
"Pack 4 un, Jalea frambuesa 100 g",Regimel,1779,0,0,0,lacteos
"Pack 4 un, Jalea arándano 100 g",Regimel,1779,0,0,0,lacteos
Nugget popcorn pollo mantequilla 300 g,Super Pollo,1769,0,0,0,congelados
Jabón líquido castaña 500 ml,Simond'S,1759,0,0,0,belleza-y-cuidado-personal
Churrascos de Vacuno Receta del Abuelo 120 g,Receta Del Abuelo,1759,0,0,0,congelados
"Pack 6 un, Probióticos mora 90 ml",Calan,1759,0,0,0,lacteos
"Pack 6 un, Probióticos frutilla 90 ml",Calan,1759,0,0,0,lacteos
Espinaca congelada 500 g,Cuisine & Co,1750,0,0,0,congelados
Yoghurt batido light natural 900 g,Light & Free,1749,0,0,0,lacteos
Yoghurt light and free vainilla bolsa 900 g,Danone,1749,0,0,0,lacteos
Jabón original blanco barra 90 g,Dove,1739,0,0,0,belleza-y-cuidado-personal
Jabón en barra blanco exfoliante 90 g,Dove,1739,0,0,0,belleza-y-cuidado-personal
"Toallas higiénicas Ladysoft nocturna tela ultraseca 8 un,",Ladysoft,1729,0,0,0,belleza-y-cuidado-personal
Base Arvejado 400 g,Frutos Del Maipo,1729,0,0,0,congelados
Shampoo Daily Care limpieza profunda 410 ml,Simond'S,1699,0,0,0,belleza-y-cuidado-personal
"Cepillo dental doble acción 6M 2 un,",Duralón,1699,0,0,0,belleza-y-cuidado-personal
Jabón líquido Creme Soft 250 ml,Nivea,1699,0,0,0,belleza-y-cuidado-personal
"Cepillo dental doble acción 6N 2 un,",Duralón,1699,0,0,0,belleza-y-cuidado-personal
Poroto verde corte francés 350 g,Minuto Verde,1690,0,0,0,congelados
Pop corn pollo 300 g,Super Pollo,1690,0,0,0,congelados
Yoghurt batido sin lactosa frutilla 1 kg,Soprole,1690,0,0,0,lacteos
Yoghurt batido sin lactosa chirimoya 1 kg,Soprole,1690,0,0,0,lacteos
Limón cocktail malla 500 g,Frutas Y Verduras Propias,1690,0,0,0,frutas
"Lechuga escarola bandeja 2 un,",Frutas Y Verduras Propias,1690,0,0,0,verduras
"Zapallo camote un,",Frutas Y Verduras Propias,1690,0,0,0,verduras
Yoghurt batido light frutilla 1 kg,Colun,1689,0,0,0,lacteos
Yoghurt batido light vainilla 1 kg,Colun,1689,0,0,0,lacteos
Berro hidropónico 200 g,Frutas Y Verduras Propias,1670,0,0,0,verduras
Shampoo Manzana y Papaya 750 ml,Familand,1659,0,0,0,belleza-y-cuidado-personal
Shampoo Quillay y Ortiga 750 ml,Familand,1659,0,0,0,belleza-y-cuidado-personal
Acondicionador Leche de Coco 750 ml,Familand,1659,0,0,0,belleza-y-cuidado-personal
Shampoo Granada Uva 750 ml,Familand,1659,0,0,0,belleza-y-cuidado-personal
Shampoo Leche de Coco 750 ml,Familand,1659,0,0,0,belleza-y-cuidado-personal
Shampoo Arándano y Uva 750 ml,Familand,1659,0,0,0,belleza-y-cuidado-personal
Acondicionador Granada Uva 750 ml,Familand,1659,0,0,0,belleza-y-cuidado-personal
Acondicionador Manzanilla 750 ml,Familand,1659,0,0,0,belleza-y-cuidado-personal
Acondicionador Manzana y Papaya 750 ml,Familand,1659,0,0,0,belleza-y-cuidado-personal
Shampoo cherry cerezo 750 ml,Familand,1659,0,0,0,belleza-y-cuidado-personal
Shampoo Familand bambú cannabis 750 ml,Familand,1659,0,0,0,belleza-y-cuidado-personal
Bálsamo cherry cerezo 750 ml,Familand,1659,0,0,0,belleza-y-cuidado-personal
Hamburguesa americana 185 g,Receta Del Abuelo,1659,0,0,0,congelados
Habas congeladas 500 g,Cuisine & Co,1650,0,0,0,congelados
Leche semidescremada Loncoleche sin lactosa chocolate 1 L,Loncoleche,1639,0,0,0,lacteos
Leche sin lactosa frutilla 1 L,Loncoleche,1639,0,0,0,lacteos
Leche descremada sin lactosa Loncoleche extra calcio 1 L,Loncoleche,1639,0,0,0,lacteos
Leche sin lactosa light chocolate 1 L,Loncoleche,1639,0,0,0,lacteos
Choclo en trozos 350 g,Frutos Del Maipo,1619,0,0,0,congelados
"Varitas de algodón Baby Tips 200 un,",Babyland,1599,0,0,0,belleza-y-cuidado-personal
Jabón en barra Afrecho 100 g,Trianon,1595,0,0,0,belleza-y-cuidado-personal
Shampoo ondas y rizos 750 ml,Ballerina,1590,0,0,0,belleza-y-cuidado-personal
Bálsamo ondas y rizos 750 ml,Ballerina,1590,0,0,0,belleza-y-cuidado-personal
Manzana verde exportación bolsa 1 kg,Frutas Y Verduras Propias,1590,0,0,0,frutas
Champiñón bandeja 200 g,Frutas Y Verduras Propias,1590,0,0,0,verduras
Limón malla 1 kg,Frutas Y Verduras Propias,1590,0,0,0,verduras
Cebolla morada 1 kg,Frutas Y Verduras Propias,1590,0,0,0,verduras
Pimiento rojo extra,Frutas Y Verduras Propias,1590,0,0,0,verduras
Espinacas 200 g,Agrosano,1590,0,0,0,verduras
"Pimiento amarillo un,",Frutas Y Verduras Propias,1590,0,0,0,verduras
Leche descremada light Loncoleche sabor chocolate 1 L,Loncoleche,1589,0,0,0,lacteos
"Toallas higiénicas Always Seca Noche ultrafina 8 un,",Always,1579,0,0,0,belleza-y-cuidado-personal
Zapallo en cubos 500 g,Minuto Verde,1570,0,0,0,congelados
Rúcula Bolsa 200 g,Frutas Y Verduras Propias,1570,0,0,0,verduras
Jabón Giselle líquido suavidad 750 ml,Giselle,1569,0,0,0,belleza-y-cuidado-personal
Churrasco de vacuno congelado 120 g,Cuisine & Co,1560,0,0,0,congelados
Shampoo manzanilla 750 ml,Ballerina,1559,0,0,0,belleza-y-cuidado-personal
Bálsamo largo increible 750 ml,Ballerina,1559,0,0,0,belleza-y-cuidado-personal
Shampoo granada sin sal 750 ml,Ballerina,1559,0,0,0,belleza-y-cuidado-personal
Shampoo largo increíble 750 ml,Ballerina,1559,0,0,0,belleza-y-cuidado-personal
Acondicionador manzanilla 750 ml,Ballerina,1559,0,0,0,belleza-y-cuidado-personal
Puré de Papas Maggi 250g,Maggi,1559,0,0,0,instantaneos-y-sopas
Ensalada rusa congelada 500 g,Cuisine & Co,1550,0,0,0,congelados
Jabón líquido Dermo Care avena doypack 750 ml,Simond'S,1549,0,0,0,belleza-y-cuidado-personal
Jabón Dermo Care Hygienic 750 ml,Simond'S,1549,0,0,0,belleza-y-cuidado-personal
Shampoo carbón frasco 750 ml,Ballerina,1530,0,0,0,belleza-y-cuidado-personal
Bálsamo carbón frasco 750 ml,Ballerina,1530,0,0,0,belleza-y-cuidado-personal
Hamburguesa de vacuno 150 g,La Crianza,1519,0,0,0,congelados
"Pack sopas y cremas 3 un,",Maggi,1499,0,0,0,instantaneos-y-sopas
Kiwi granel,Frutas Y Verduras Propias,1495,0,0,0,frutas
"Protector diario Kotex tela 40 un,",Kotex,1490,0,0,0,belleza-y-cuidado-personal
Choclo en grano congelado 500 g,Cuisine & Co,1490,0,0,0,congelados
Arvejas congeladas 500 g,Cuisine & Co,1490,0,0,0,congelados
Mix primavera congelada 500 g,Cuisine & Co,1490,0,0,0,congelados
Pera bolsa 1 kg,Frutas Y Verduras Propias,1490,0,0,0,frutas
Tomate cocktail pote 250 g,Frutas Y Verduras Propias,1490,0,0,0,verduras
Leche semidescremada plátano 1 L,Loncoleche,1489,0,0,0,lacteos
Leche semidescremada Loncoleche sabor chocolate 1 L,Loncoleche,1489,0,0,0,lacteos
Yoghurt batido frutilla 1 kg,Soprole,1469,0,0,0,lacteos
Yoghurt batido damasco 1 kg,Soprole,1469,0,0,0,lacteos
Yoghurt batido vainilla 1 kg,Soprole,1469,0,0,0,lacteos
Leche semidescremada frutilla 1 L,Colun,1449,0,0,0,lacteos
Leche semidescremada sin lactosa chocolate 1 L,Soprole,1449,0,0,0,lacteos
Leche semidescremada sabor vainilla 1 L,Colun,1449,0,0,0,lacteos
Leche semidescremada sabor manjar 1 L,Colun,1449,0,0,0,lacteos
Puré de papas instantáneo tradicional 250 g,Alcafood,1449,0,0,0,instantaneos-y-sopas
Hielo whisky bolsa 2 kg,Rock,1439,0,0,0,congelados
Hielo 2 kg,Fiesta,1439,0,0,0,congelados
Leche semidescremada sabor chocolate 1 L,Colun,1439,0,0,0,lacteos
Leche semidescremada chocolate Receta original 1 L,Colun,1439,0,0,0,lacteos
Puré de papas con leche 8 porciones caja 250 g,Hoffmann,1439,0,0,0,instantaneos-y-sopas
Puré de papas instantáneo 250 g,Cuisine & Co,1439,0,0,0,instantaneos-y-sopas
Hamburguesa de vacuno congelada 185 g,Cuisine & Co,1429,0,0,0,congelados
Pasta dental Kids Fresantástico 50 g,Colgate,1399,0,0,0,belleza-y-cuidado-personal
Jabón líquido karité 500 ml,Ballerina,1390,0,0,0,belleza-y-cuidado-personal
"Albahaca un,",Jumbo,1390,0,0,0,verduras
Lechuga Hidropónica Roble Verde,Frutas Y Verduras Propias,1390,0,0,0,verduras
"Lechuga lollo bionda hidropónica un,",Frutas Y Verduras Propias,1390,0,0,0,verduras
Repollo morado film unid,Frutas Y Verduras Propias,1390,0,0,0,verduras
Margarina Deline pote 500 g,Deline,1389,0,0,0,lacteos
Leche Protein Full Pro vainilla 250 ml,Loncoleche,1389,0,0,0,lacteos
"Protectores diarios largos 30 un,",Nosotras,1379,0,0,0,belleza-y-cuidado-personal
Repollo unid,Frutas Y Verduras Propias,1350,0,0,0,verduras
Hamburguesa de vacuno light 150 g,La Crianza,1340,0,0,0,congelados
"Toallas higiénicas Nosotras Buenas Noches normal 8 un,",Nosotras,1339,0,0,0,belleza-y-cuidado-personal
"Protectores diarios Ladysoft largos suaves 30 un,",Ladysoft,1339,0,0,0,belleza-y-cuidado-personal
"Toallas higiénicas Nosotras Sensitiv ultra invisible 8 un,",Nosotras,1339,0,0,0,belleza-y-cuidado-personal
Manteca 200 g,Astra,1339,0,0,0,lacteos
Hielo campana 2 kg,Cuisine & Co,1329,0,0,0,congelados
Hamburguesa de Vacuno King 185 g,King,1329,0,0,0,congelados
Hamburguesa americana de vacuno 120 g,La Crianza,1329,0,0,0,congelados
Manteca 200 g,Crucina,1329,0,0,0,lacteos
"Toallas higiénicas Nosotras Ultra Invisible malla 10 un,",Nosotras,1319,0,0,0,belleza-y-cuidado-personal
Not Burger Chicken 100 g,Not Chicken,1299,0,0,0,congelados
Hamburguesa de pollo 150 g,La Crianza,1299,0,0,0,congelados
Mantequilla con sal 125 g,Soprole,1299,0,0,0,lacteos
Jengibre 100 g,Frutas Y Verduras Propias,1299,0,0,0,verduras
"Toallitas desmaquillantes Sensitive 30 un,",Family Care,1290,0,0,0,belleza-y-cuidado-personal
"Betarragas 5 un,",Frutas Y Verduras Propias,1290,0,0,0,verduras
Leche chocolate 1 L,Cuisine & Co,1279,0,0,0,lacteos
Mantequilla con sal 125 g,Colun,1269,0,0,0,lacteos
Mantequilla con sal 125 g,Calo,1269,0,0,0,lacteos
"Brocoli films un,",Frutas Y Verduras Propias,1250,0,0,0,verduras
"Apio mata un,",Frutas Y Verduras Propias,1250,0,0,0,verduras
"Cebolla malla 3 un,",Jumbo,1230,0,0,0,verduras
Cebolla Picada Minuto Verde 250 g,Minuto Verde,1199,0,0,0,congelados
Mango granel,Frutas Y Verduras Propias,1195,0,0,0,frutas
Hamburguesa Plant based 100 g,La Crianza,1190,0,0,0,congelados
Vegan Crispy 120 g,Receta Del Abuelo,1190,0,0,0,congelados
Mantequilla Los Alerces 125 g,Los Alerces,1189,0,0,0,lacteos
Leche descremada sin lactosa 1 L,Colun,1189,0,0,0,lacteos
Leche entera sin lactosa 1 L,Colun,1189,0,0,0,lacteos
Leche semidescremada sin lactosa 1 L,Colun,1189,0,0,0,lacteos
Yoghurt batido chirimoya 1 kg,Calan,1189,0,0,0,lacteos
Yoghurt batido frutilla 1 kg,Calan,1189,0,0,0,lacteos
Yoghurt batido vainilla 1 kg,Calan,1189,0,0,0,lacteos
Yoghurt griego natural 400 g,Quillayes,1189,0,0,0,lacteos
"Toallas higiénicas Naturella Cuidado Nocturno XL 8 un,",Naturella,1179,0,0,0,belleza-y-cuidado-personal
Leche semidescremada sin lactosa Loncoleche 1 L,Loncoleche,1159,0,0,0,lacteos
Leche entera sin lactosa 1 L,Loncoleche,1159,0,0,0,lacteos
Leche descremada sin lactosa Loncoleche 1 L,Loncoleche,1159,0,0,0,lacteos
Jabón en barra natural 100 g,Trianon,1150,0,0,0,belleza-y-cuidado-personal
Pasta dental Kids Mickey 50 g,Oral-B,1139,0,0,0,belleza-y-cuidado-personal
Pasta dental Kids Minnie 50 g,Oral-B,1139,0,0,0,belleza-y-cuidado-personal
Cebolla malla 1 kg,Frutas Y Verduras Propias,1130,0,0,0,verduras
Hamburguesa de pollo 100 g,La Crianza,1129,0,0,0,congelados
Leche descremada sin lactosa 1 L,Soprole,1129,0,0,0,lacteos
Leche semidescremada sin lactosa 1 L,Soprole,1129,0,0,0,lacteos
Espinaca 500 g,Frutas Y Verduras Propias,1129,0,0,0,verduras
"Lechuga escarola un,",Frutas Y Verduras Propias,1090,0,0,0,verduras
Leche descremada sin lactosa 1 L,Surlat,1089,0,0,0,lacteos
Leche semidescremada sin lactosa 1 L,Surlat,1089,0,0,0,lacteos
Leche entera sin lactosa 1 L,Surlat,1089,0,0,0,lacteos
Puré 125 g,Hoffmann,1079,0,0,0,instantaneos-y-sopas
Hamburguesa de vacuno 100 g,La Crianza,1059,0,0,0,congelados
Hamburguesa de vacuno light 100 g,La Crianza,1059,0,0,0,congelados
Hamburguesa de vacuno tocino 100 g,La Crianza,1059,0,0,0,congelados
Hamburguesa de pavo 100 g,La Crianza,1059,0,0,0,congelados
Tortilla de verdura 110 g,La Crianza,1059,0,0,0,congelados
Porotos verdes congelados 350 g,Cuisine & Co,1050,0,0,0,congelados
Mandarina granel,Frutas Y Verduras Propias,1045,0,0,0,frutas
Margarina light 250 g,Next,1039,0,0,0,lacteos
Pasta para uno bolognesa 70 g,Carozzi,1039,0,0,0,instantaneos-y-sopas
Sopa casera pantrucas 110 g,Naturezza,1019,0,0,0,instantaneos-y-sopas
"Toallas higiénicas Naturella con manzanilla 8 un,",Naturella,999,0,0,0,belleza-y-cuidado-personal
"Toallas higiénicas Nosotras Normal suave 10 un,",Nosotras,999,0,0,0,belleza-y-cuidado-personal
Leche semidescremada 1 L,Colun,999,0,0,0,lacteos
Leche descremada 1 L,Colun,999,0,0,0,lacteos
Puré de Papas Maggi 125g,Maggi,999,0,0,0,instantaneos-y-sopas
Manzana Fuji granel,Frutas Y Verduras Propias,995,0,0,0,frutas
Manzana verde granel,Frutas Y Verduras Propias,995,0,0,0,frutas
Tomate granel,Frutas Y Verduras Propias,995,0,0,0,verduras
"Toallas higiénicas Nosotras Normal suave sin alas 10 un,",Nosotras,990,0,0,0,belleza-y-cuidado-personal
Jabón alcohol gel 60 ml,Family Care,990,0,0,0,belleza-y-cuidado-personal
Zanahoria bolsa 1 kg,Frutas Y Verduras Propias,990,0,0,0,verduras
"Lechuga costina un,",Frutas Y Verduras Propias,990,0,0,0,verduras
"Ajo 2 un,",Frutas Y Verduras Propias,990,0,0,0,verduras
"Cebollín paquete 3 un,",Frutas Y Verduras Propias,990,0,0,0,verduras
Leche sin lactosa semidescremada 1 L,Cuisine & Co,989,0,0,0,lacteos
Leche entera 1 L,Surlat,989,0,0,0,lacteos
Leche semidescremada 1 L,Surlat,989,0,0,0,lacteos
Leche descremada 1 L,Surlat,989,0,0,0,lacteos
Suprema de Pollo Jamón y Queso Receta del Abuelo 120 g,Receta Del Abuelo,979,0,0,0,congelados
Pechuga de Pollo Apanada Receta del Abuelo 120 g,Receta Del Abuelo,979,0,0,0,congelados
Escalopa Kayser Vacuno Jamón y Queso Receta del Abuelo 120 g,Receta Del Abuelo,979,0,0,0,congelados
Hamburguesa de vacuno grill de 100 g,La Crianza,979,0,0,0,congelados
Hamburguesa vacuno 100 g,Receta Del Abuelo,959,0,0,0,congelados
Hamburguesa de vacuno bacon 100 g,Receta Del Abuelo,959,0,0,0,congelados
Hamburguesa de Vacuno Grill Receta del Abuelo 100 g,Receta Del Abuelo,959,0,0,0,congelados
Hamburguesa de pollo 100 g,Receta Del Abuelo,959,0,0,0,congelados
Hamburguesa americana 100 g,Receta Del Abuelo,959,0,0,0,congelados
Acelga 500 g,Frutas Y Verduras Propias,950,0,0,0,verduras
Diente de dragón bandeja 250 g,Frutas Y Verduras Propias,950,0,0,0,verduras
Zanahorias Jugo 1 kg,Frutas Y Verduras Propias,950,0,0,0,verduras
Pomelo rosado granel,Frutas Y Verduras Propias,945,0,0,0,frutas
Pera Packham’s granel,Frutas Y Verduras Santa Isabel,945,0,0,0,frutas
Limón granel,Frutas Y Verduras Propias,945,0,0,0,verduras
Leche entera natural 1 L,Soprole,939,0,0,0,lacteos
Leche semidescremada natural 1 L,Soprole,939,0,0,0,lacteos
Leche descremada natural 1 L,Soprole,939,0,0,0,lacteos
Cocoa dulce en polvo 200 g,Copacabana,939,0,0,0,lacteos
"Pimiento verde un,",Frutas Y Verduras Propias,930,0,0,0,verduras
Churrasco de vacuno 90 g,King,899,0,0,0,congelados
Mix de Pimentones 150 g,Frutos Del Maipo,899,0,0,0,congelados
Leche entera cremosa 1 L,Soprole,899,0,0,0,lacteos
Manzana Royal Gala granel,Frutas Y Verduras Propias,895,0,0,0,frutas
Brotes de brócoli 70 g,Agrosano,890,0,0,0,verduras
Leche capuccino light sin lactosa 330 cc,Colun,879,0,0,0,lacteos
Leche capuccino sin lactosa 330 cc,Colun,879,0,0,0,lacteos
Leche café caramelo sin lactosa 330 cc,Colun,879,0,0,0,lacteos
Crema Maggi de la Huerta Espinaca Puerro Ciboulette 42g 2 porciones,Maggi,869,0,0,0,instantaneos-y-sopas
Crema Maggi de la Huerta Champiñones 42g 2 porciones,Maggi,869,0,0,0,instantaneos-y-sopas
Crema Maggi de la Huerta Zapallo Jengibre 42g 2 porciones,Maggi,869,0,0,0,instantaneos-y-sopas
Lomitos fiesta 90 g,Super Cerdo,859,0,0,0,congelados
"Lechuga española un,",Frutas Y Verduras Propias,850,0,0,0,verduras
"Lechuga francesa un,",Frutas Y Verduras Propias,850,0,0,0,verduras
Cebolla picada congelada 250 g,Cuisine & Co,849,0,0,0,congelados
Leche entera 1 L,Cuisine & Co,849,0,0,0,lacteos
Leche semidescremada 1 L,Cuisine & Co,849,0,0,0,lacteos
Leche descremada 1 L,Cuisine & Co,849,0,0,0,lacteos
Naranja granel,Frutas Y Verduras Propias,845,0,0,0,frutas
Cebolla morada granel,Frutas Y Verduras Propias,845,0,0,0,verduras
Hamburguesa de vacuno congelada 100 g,Cuisine & Co,819,0,0,0,congelados
Hamburguesa de soya 100 g,Mister Veggie,799,0,0,0,congelados
Sofrito 150 g,Frutos Del Maipo,790,0,0,0,congelados
Cacao dulce en polvo 200 g,Marco Polo,759,0,0,0,lacteos
"Berenjena un,",Frutas Y Verduras Propias,750,0,0,0,verduras
Sofrito con Ajo 150 g,Minuto Verde,749,0,0,0,congelados
Sofrito apio tomate 150 g,Frutos Del Maipo,749,0,0,0,congelados
Crema de Alcachofas Gourmet 53 g,Gourmet,749,0,0,0,instantaneos-y-sopas
Papa granel,Frutas Y Verduras Propias,695,0,0,0,verduras
"Zapallo italiano un,",Frutas Y Verduras Propias,690,0,0,0,verduras
"Pepino ensalada un,",Frutas Y Verduras Propias,690,0,0,0,verduras
Caldo de carne 80 g,Cuisine & Co,689,0,0,0,instantaneos-y-sopas
Caldo gallina 80 g,Cuisine & Co,689,0,0,0,instantaneos-y-sopas
Caldo verduras 80 g,Cuisine & Co,689,0,0,0,instantaneos-y-sopas
Postre Sahne Nuss Mousse de chocolate 100g,Sahne Nuss,669,0,0,0,lacteos
Cilantro paquete 120 g,Frutas Y Verduras Propias,660,0,0,0,verduras
Croqueta de verduras 90 g,La Crianza,659,0,0,0,congelados
Yoghurt proteína mango maracuyá trozos 140 g,Loncoleche,655,0,0,0,lacteos
Yoghurt proteína berries trozos 140 g,Loncoleche,655,0,0,0,lacteos
Milanesa de soya 80 g,Mister Veggie,649,0,0,0,congelados
Caldo en polvo Maggi Verduras 35g (5x7g),Maggi,649,0,0,0,instantaneos-y-sopas
Caldo en polvo Maggi Gallina 35g (5x7g),Maggi,649,0,0,0,instantaneos-y-sopas
Caldo en polvo Maggi Carne 35g (5x7g),Maggi,649,0,0,0,instantaneos-y-sopas
Caldo en polvo Maggi Costilla 35g (5x7g),Maggi,649,0,0,0,instantaneos-y-sopas
Plátano granel,Frutas Y Verduras Propias,645,0,0,0,frutas
Plátano Barraganette granel,Frutas Y Verduras Propias,645,0,0,0,frutas
Crocante de Pollo Super Pollo 100 g,Super Pollo,619,0,0,0,congelados
Postre panna cotta salsa de frambuesa 120 g,Soprole,619,0,0,0,lacteos
Alimento de Avena Nestlé Veggie Probióticos Frutilla 140g,Nestlé,619,0,0,0,lacteos
Postre crème caramel 120 g,Soprole,619,0,0,0,lacteos
Postre panna cotta caluga 120 g,Soprole,619,0,0,0,lacteos
Alimento de Avena Nestlé Veggie Probióticos Natural 140g,Nestlé,619,0,0,0,lacteos
Yoghurt trozos piña 165 g,Soprole,615,0,0,0,lacteos
Postre Manjarate 80 g,Soprole,609,0,0,0,lacteos
Postre Manjarate White 80 g,Soprole,609,0,0,0,lacteos
Postre Manjarate Black 80 g,Soprole,609,0,0,0,lacteos
Yoghurt sin lactosa trozos frutilla 155 g,Soprole,605,0,0,0,lacteos
"Hamburguesa de soya champiñón tomate Mr, Veggie 100 g",Mister Veggie,599,0,0,0,congelados
Yoghurt proteína con cereales 150 g,Soprole,599,0,0,0,lacteos
Cebolla granel,Frutas Y Verduras Propias,595,0,0,0,verduras
Pollo apanado 100 g,PF,589,0,0,0,congelados
Sémola con Leche Nestlé Salsa de Caramelo 135g,Nestlé,585,0,0,0,lacteos
Leche Moments cappuccino 200 ml,Danone,585,0,0,0,lacteos
Leche saborizada Danone Moments Moca 200 ml,Danone,585,0,0,0,lacteos
Yoghurt proteína frutilla 155 g,Soprole,579,0,0,0,lacteos
Yoghurt proteína natural endulzado 155 g,Soprole,579,0,0,0,lacteos
Yoghurt proteína chirimoya 155 g,Soprole,579,0,0,0,lacteos
Yoghurt proteína maracuyá 155 g,Soprole,579,0,0,0,lacteos
Yoghurt proteína vainilla 155 g,Soprole,579,0,0,0,lacteos
Sopa Come bien Vivebien pollo con fideos 60 g,Maggi,579,0,0,0,instantaneos-y-sopas
Crema Maggi Vive Bien de Espárragos 64g,Maggi,579,0,0,0,instantaneos-y-sopas
Sopa Come bien Vivebien costilla 56 g,Maggi,579,0,0,0,instantaneos-y-sopas
Yoghurt sin azúcar chía trozos arándano 155 g,Soprole,575,0,0,0,lacteos
Postre Nestlé Leche Asada 120g,Nestlé,569,0,0,0,lacteos
"Perejil un,",Frutas Y Verduras Propias,560,0,0,0,verduras
Yoghurt con trozos de fruta Danone frutos del Bosque 150 g,Oikos,559,0,0,0,lacteos
Yoghurt con trozos de fruta frutilla 150 g,Oikos,559,0,0,0,lacteos
Yoghurt con trozos de fruta Danone colchón de frutas papaya 150 g,Oikos,559,0,0,0,lacteos
Yoghurt triple zero frutos rojos 150 g,Activia,555,0,0,0,lacteos
Yogurt Triple Zero durazno 150 g,Activia,555,0,0,0,lacteos
Yoghurt proteína frutilla 140 g,Loncoleche,549,0,0,0,lacteos
Yoghurt proteína natural endulzado 140 g,Loncoleche,549,0,0,0,lacteos
Rebozado de pollo 100 g,Sadia,519,0,0,0,congelados
Leche proteína chocolate 200 ml,Soprole,515,0,0,0,lacteos
Bebida láctea Yogu Yogu sabor mora 200 ml,Yogu - Yogu,505,0,0,0,lacteos
Bebida láctea Yogu Yogu sabor frutilla 200 ml,Yogu - Yogu,505,0,0,0,lacteos
Bebida láctea Yogu Yogu sabor chirimoya 200 ml,Yogu - Yogu,505,0,0,0,lacteos
Bebida Láctea Loncoleche Shake Shake sabor Manjar 170 cc,Loncoleche,505,0,0,0,lacteos
Bebida láctea Yogu Yogu sabor damasco 200 ml,Yogu - Yogu,505,0,0,0,lacteos
Bebida Láctea Loncoleche Shake Shake sabor Chocolate 170 cc,Loncoleche,505,0,0,0,lacteos
Leche light chocolate 200 ml,Colun,495,0,0,0,lacteos
Yoghurt griego light berries 120 g,Colun,495,0,0,0,lacteos
Ciboulette display 20 g,Frutas Y Verduras Propias,490,0,0,0,verduras
Leche Cultivada Colun Light con Fibra Chirimoya 180 cc,Colun,485,0,0,0,lacteos
Leche descremada sin lactosa 200 ml,Colun,485,0,0,0,lacteos
Leche Cultivada Colun Light con Fibra Frutilla 180 ml,Colun,485,0,0,0,lacteos
Yoghurt Goodnes Sabor Frutilla 140g,Nestlé,469,0,0,0,lacteos
Yoghurt Goodnes Natural endulzado 140g,Nestlé,469,0,0,0,lacteos
Yoghurt Goodnes Sabor Vainilla 140g,Nestlé,469,0,0,0,lacteos
Leche semidescremada sabor chocolate 200 ml,Colun,465,0,0,0,lacteos
Yoghurt con trozos de fruta papaya 110 g,Oikos,459,0,0,0,lacteos
Yoghurt griego trozos frutilla 110 g,Oikos,459,0,0,0,lacteos
Yoghurt con trozos de fruta durazno 110 g,Oikos,459,0,0,0,lacteos
Yoghurt con trozos de fruta Danone coco rallado 110 g,Oikos,459,0,0,0,lacteos
Yoghurt griego proteína durazno,Quillayes,455,0,0,0,lacteos
Yoghurt griego proteína berries,Quillayes,455,0,0,0,lacteos
Levadura fresca 38 g,Lefersa,449,0,0,0,lacteos
Ají verde granel,Frutas Y Verduras Propias,449,0,0,0,verduras
Yoghurt batido natural 150 g,Oikos,445,0,0,0,lacteos
Leche semidescremada chocolate 200 ml,Soprole,445,0,0,0,lacteos
Leche semidescremada frutilla 200 ml,Soprole,445,0,0,0,lacteos
Leche semidescremada sin lactosa chocolate 200 ml,Zerolacto,445,0,0,0,lacteos
Leche receta original chocolate 200 ml,Soprole,445,0,0,0,lacteos
Verduras surtidas paquete 120 g,Frutas Y Verduras Propias,439,0,0,0,verduras
Sopa pollo fideos 55 g,Naturezza,439,0,0,0,instantaneos-y-sopas
Crema de champiñones 60 g,Naturezza,439,0,0,0,instantaneos-y-sopas
Sopa posta cabello 55 g,Naturezza,439,0,0,0,instantaneos-y-sopas
Crema espárragos 65 g,Naturezza,439,0,0,0,instantaneos-y-sopas
Sopa costilla fideos 55 g,Naturezza,439,0,0,0,instantaneos-y-sopas
Crema choclo 60 g,Naturezza,439,0,0,0,instantaneos-y-sopas
Leche descremada 200 ml,Colun,429,0,0,0,lacteos
Leche semidescremada 200 ml,Colun,429,0,0,0,lacteos
Yoghurt semidescremado sin lactosa trozo papaya 120 g,Loncoleche,425,0,0,0,lacteos
Levadura fresca 38 g,Collico,409,0,0,0,lacteos
Yoghurt griego light papaya Quillayes 110 g,Quillayes,405,0,0,0,lacteos
Yoghurt griego light berries Quillayes 110 g,Quillayes,405,0,0,0,lacteos
Compota Nestlé Manzana 120g,Nestlé,405,0,0,0,lacteos
Yoghurt griego light frutilla Quillayes 110 g,Quillayes,405,0,0,0,lacteos
Compota Nestlé Pera 120g,Nestlé,405,0,0,0,lacteos
Yoghurt triple zero ciruela 120 g,Activia,375,0,0,0,lacteos
Yoghurt natural no endulzado 120 g,Colun,355,0,0,0,lacteos
Yoghurt griego natural 110 g,Oikos,349,0,0,0,lacteos
Leche chocolate 200 ml,Cuisine & Co,349,0,0,0,lacteos
Jalea piña 110 g,Soprole,335,0,0,0,lacteos
Jalea naranja 110 g,Soprole,335,0,0,0,lacteos
Flan Nestlé Vainilla 110g,Nestlé,329,0,0,0,lacteos
Sopa de costillas 60 g,Santa Isabel,319,0,0,0,instantaneos-y-sopas
Sopa de pollo con fideos 70 g,Santa Isabel,319,0,0,0,instantaneos-y-sopas
Sopa de caracolitos 76 g,Santa Isabel,319,0,0,0,instantaneos-y-sopas
Crema de choclo 79 g,Santa Isabel,319,0,0,0,instantaneos-y-sopas
Jalea Nestlé Frambuesa 110g,Nestlé,315,0,0,0,lacteos
Yoghurt light sin lactosa sabor chirimoya 125 g,Colun,315,0,0,0,lacteos
Jalea Nestlé Piña 110g,Nestlé,315,0,0,0,lacteos
Flan Colun Vainilla 100 g,Colun,315,0,0,0,lacteos
Yoghurt batido sin lactosa frutilla 125 g,Colun,315,0,0,0,lacteos
Jalea Nestlé Guinda 110g,Nestlé,315,0,0,0,lacteos
Flan manjar Colun 100 g,Colun,315,0,0,0,lacteos
Flan Colun sabor chocolate 100 g,Colun,315,0,0,0,lacteos
Jalea Nestlé Naranja 110g,Nestlé,315,0,0,0,lacteos
Yoghurt batido sin lactosa vainilla 120 g,Soprole,309,0,0,0,lacteos
Yoghurt batido sin lactosa chirimoya 120 g,Zerolacto,309,0,0,0,lacteos
Yoghurt sin azúcar frutilla 120 g,Soprole,305,0,0,0,lacteos
Yoghurt sin azúcar vainilla 120 g,Soprole,305,0,0,0,lacteos
Yoghurt sin azúcar durazno 120 g,Soprole,305,0,0,0,lacteos
Yoghurt batido light frutilla 125 g,Colun,275,0,0,0,lacteos
Yoghurt batido light vainilla 125 g,Colun,275,0,0,0,lacteos
Yoghurt batido light frambuesa 125 g,Colun,275,0,0,0,lacteos
Yoghurt batido light damasco 125 g,Colun,275,0,0,0,lacteos
Yoghurt batido light natural endulzado 125 g,Colun,275,0,0,0,lacteos
Petit suisse Chiquitín Frutilla 45g,Nestlé,269,0,0,0,lacteos
Petit suisse Chiquitín Plátano 45g,Nestlé,269,0,0,0,lacteos
Petit suisse Chiquitín Damasco 45g,Nestlé,269,0,0,0,lacteos
Jalea frambuesa 100 g,Colun,245,0,0,0,lacteos
Jalea limón 100 g,Colun,245,0,0,0,lacteos
Jalea guinda 100 g,Colun,245,0,0,0,lacteos
Yoghurt batido frutilla 125 g,Colun,245,0,0,0,lacteos
Yoghurt batido vainilla 125 g,Colun,245,0,0,0,lacteos
Yoghurt batido mora 125 g,Colun,245,0,0,0,lacteos
Yoghurt batido Colun damasco 125 g,Colun,245,0,0,0,lacteos
Yoghurt batido frambuesa 125 g,Colun,245,0,0,0,lacteos
Yoghurt Batido Chamyto Probióticos Frutilla 115g,Chamyto,245,0,0,0,lacteos
Yoghurt Batido Chamyto Probióticos Vainilla 115g,Chamyto,245,0,0,0,lacteos
Yoghurt batido sabor frutilla 120 g,Soprole,229,0,0,0,lacteos
Yoghurt batido sabor damasco 120 g,Soprole,229,0,0,0,lacteos
Yoghurt batido sabor frambuesa 120 g,Soprole,229,0,0,0,lacteos
Yoghurt batido semidescremado vainilla 120 g,Calan,209,0,0,0,lacteos
Yoghurt batido semidescremado frutilla 120 g,Calan,209,0,0,0,lacteos
Yoghurt batido semidescremado chirimoya 120 g,Calan,209,0,0,0,lacteos
"Pañal adulto Pants G-XG 16 un,",Cotidian,0,13899,0,0,belleza-y-cuidado-personal
"Pañal adulto Pants P-M 16 un,",Cotidian,0,13899,0,0,belleza-y-cuidado-personal
Pizza americana pepperoni congelada 660 g,Cuisine & Co,0,5990,0,0,comidas-preparadas
Pizza americana deluxe congelada 660 g,Cuisine & Co,0,5990,0,0,comidas-preparadas
Pizza americana congelada veggies 745 g,Cuisine & Co,0,5990,0,0,comidas-preparadas
Shampoo Herbolaria 400 ml,Tío Nacho,0,4990,0,0,belleza-y-cuidado-personal
Shampoo aclarante doypack 400 ml,Tío Nacho,0,4990,0,0,belleza-y-cuidado-personal
Shampoo Classic Smooth 400 ml,Herbal Essences,0,4599,0,0,belleza-y-cuidado-personal
Acondicionador Smooth Rose Hips 400 ml,Herbal Essences,0,4599,0,0,belleza-y-cuidado-personal
Shampoo Classic Shine 400 ml,Herbal Essences,0,4599,0,0,belleza-y-cuidado-personal
"Helado vegetal multipack 4 un, Croca choco 70 g",Not Ice Cream,0,4390,0,0,congelados
Helado vegetal multipack vainilla y caramelo 260 g,Not Ice Cream,0,4390,0,0,congelados
Helado vegetal multipack crema frambuesa 272 g,Not Ice Cream,0,4390,0,0,congelados
Shampoo + Acondicionador bomba variedades 340 ml c/u,Sedal,0,4290,0,0,belleza-y-cuidado-personal
Helado vegetal chocolate avellana 296 g,Not Ice Cream,0,4180,0,0,congelados
Helado vegetal cookies & cream 284 g,Not Ice Cream,0,4180,0,0,congelados
Helado vegetal cheesecake 298 g,Not Ice Cream,0,4180,0,0,congelados
Acondicionador Reparación Total 5 370 ml,Elvive,0,3989,0,0,belleza-y-cuidado-personal
Shampoo Hidra Hialurónico 370 ml,Elvive,0,3699,0,0,belleza-y-cuidado-personal
Shampoo Reparación Total 5 370 ml,Elvive,0,3699,0,0,belleza-y-cuidado-personal
Desodorante Aerosol Invisible Dry 150 ml,Dove Men,0,3459,0,0,belleza-y-cuidado-personal
Desodorante Go Fresh pepino spray 150 ml,Dove,0,3459,0,0,belleza-y-cuidado-personal
Desodorante Invisible Dry spray 150 ml,Dove,0,3459,0,0,belleza-y-cuidado-personal
Desodorante barra aclarado Natural Classic Touch 43 g,Nivea,0,3199,0,0,belleza-y-cuidado-personal
Desodorante spray Pro 5 1 91 g,Lady Speed Stick,0,2990,0,0,belleza-y-cuidado-personal
Shampoo Vitaminados Frescura 350 ml,Fructis,0,2989,0,0,belleza-y-cuidado-personal
Shampoo Aloe Hidra Bomb 350 ml,Fructis,0,2989,0,0,belleza-y-cuidado-personal
Acondicionador Aloe Hidra Bomb 350 ml,Fructis,0,2989,0,0,belleza-y-cuidado-personal
Acondicionador Oil Repair Liso Coco 350 ml,Fructis,0,2989,0,0,belleza-y-cuidado-personal
Shampoo Vitaminados Brillo 350 ml,Fructis,0,2989,0,0,belleza-y-cuidado-personal
Shampoo Rizos Definidos 340 ml,Sedal,0,2899,0,0,belleza-y-cuidado-personal
Desodorante Black & White máxima protección 50 ml,Nivea,0,2890,0,0,belleza-y-cuidado-personal
Desodorante Black & White máxima protección 150 ml,Nivea,0,2890,0,0,belleza-y-cuidado-personal
Shampoo liso 600 ml,Vanart,0,2690,0,0,belleza-y-cuidado-personal
Acondicionador anti esponjado 600 ml,Vanart,0,2690,0,0,belleza-y-cuidado-personal
Shampoo anti esponjado 600 ml,Vanart,0,2690,0,0,belleza-y-cuidado-personal
Desodorante spray invisible Black & White 150 ml,Nivea,0,2669,0,0,belleza-y-cuidado-personal
Desodorante spray Stress Protect 150 ml,Nivea For Men,0,2669,0,0,belleza-y-cuidado-personal
Desodorante spray Fresh ice 150 ml,Nivea,0,2669,0,0,belleza-y-cuidado-personal
Shampoo Oil Repair Liso Coco 350 ml,Fructis,0,2599,0,0,belleza-y-cuidado-personal
"Toallas higiénicas Kotex nocturna Ultrafina tela suave con alas 15 un,",Kotex,0,2590,0,0,belleza-y-cuidado-personal
Crema Tratamiento Oil Repair 3 aceites 300 g,Fructis,0,2499,0,0,belleza-y-cuidado-personal
Crema para peinar Rizos Definidos 300 ml,Sedal,0,2490,0,0,belleza-y-cuidado-personal
"Jabón humectante barra 90 g 3 un,",Elite,0,2390,0,0,belleza-y-cuidado-personal
Jabón líquido humectante 700 ml,Elite,0,2390,0,0,belleza-y-cuidado-personal
Saborizante para Leche Nestlé cacao endulzado 230g,Nestlé,0,2249,0,0,lacteos
Jabon líquido 700 ml,Elite,0,2099,0,0,belleza-y-cuidado-personal
Leche cultivada light chirimoya 1 L,Next,0,1999,0,0,lacteos
Leche cultivada light frambuesa 1 L,Next,0,1999,0,0,lacteos
Leche cultivada light frutilla 1 L,Next,0,1999,0,0,lacteos
"Protectores protección largos 20 40 Un,",Carefree,0,1970,0,0,belleza-y-cuidado-personal
Yoghurt batido frutilla 1 kg,Colun,0,1589,0,0,lacteos
Yoghurt batido vainilla 1 kg,Colun,0,1589,0,0,lacteos
Yoghurt batido Colun damasco 1 kg,Colun,0,1589,0,0,lacteos
Yoghurt Batido Colun Frambuesa 1 kg,Colun,0,1589,0,0,lacteos
Yoghurt batido mora 1 kg,Colun,0,1589,0,0,lacteos
Leche semidescremada chocolate 1 L,Soprole,0,1519,0,0,lacteos
Leche semidescremada frutilla 1 L,Soprole,0,1519,0,0,lacteos
Leche receta original chocolate 1 L,Soprole,0,1519,0,0,lacteos
Leche semidescremada chocolate blanco 1 L,Soprole,0,1519,0,0,lacteos
Yoghurt trozos frutos secos y fruta 165 g,Soprole,0,725,0,0,lacteos
Yoghurt trozos chocolate y almendras 165 g,Soprole,0,725,0,0,lacteos
Yoghurt trozos lúcuma y nueces 165 g,Soprole,0,725,0,0,lacteos
Yoghurt trozos nueces y cranberries 165 g,Soprole,0,725,0,0,lacteos
Postre Chandelle sin lactosa manjar 130 g,Nestlé,0,719,0,0,lacteos
Postre Chandelle Crema sabor chocolate 130g,Nestlé,0,679,0,0,lacteos
Postre Chandelle Crema manjar 130g,Nestlé,0,679,0,0,lacteos
Postre Chandelle Crema sabor lúcuma 130g,Nestlé,0,679,0,0,lacteos
Yoghurt proteína trozos frutilla 155 g,Soprole,0,675,0,0,lacteos
Yoghurt proteína trozos frambuesa 155 g,Soprole,0,675,0,0,lacteos
Yoghurt proteína trozos mango maracuyá 155 g,Soprole,0,675,0,0,lacteos
Yoghurt con cereal Zucaritas 140 g,Soprole,0,615,0,0,lacteos
Yoghurt con cereal Choco Krispis 140 g,1+1 Soprole,0,615,0,0,lacteos
Yoghurt con mini galletas 140 g,Soprole,0,615,0,0,lacteos
Yoghurt trozos frutilla 165 g,Soprole,0,615,0,0,lacteos
Yoghurt trozos durazno 165 g,Soprole,0,615,0,0,lacteos
Yoghurt trozos manzana pera 165 g,Soprole,0,615,0,0,lacteos
Sémola con leche y salsa de caramelo 140 g,Soprole,0,605,0,0,lacteos
Sémola con leche y salsa de frambuesa 140 g,Soprole,0,605,0,0,lacteos
Sémola con leche y salsa de damasco 140 g,Soprole,0,605,0,0,lacteos
"Toallas higiénicas Ladysoft básicas sin alas 8 un,",Ladysoft,0,590,0,0,belleza-y-cuidado-personal
Yoghurt Protein Plus frutilla-plátano 150 g,Colun,0,589,0,0,lacteos
Yoghurt Protein Plus frutilla 150 g,Colun,0,589,0,0,lacteos
Yoghurt Protein Plus vainilla 150 g,Colun,0,589,0,0,lacteos
Yoghurt + Cereal Nestlé Chocapic 142g,Nestlé,0,565,0,0,lacteos
Yoghurt + cereal Nestlé Trix 142g,Nestlé,0,565,0,0,lacteos
Yoghurt vegetal soya trozos mango maracuyá 140 g,Loncoleche,0,515,0,0,lacteos
Yoghurt vegetal almendra natural endulzado 140 g,Loncoleche,0,515,0,0,lacteos
Yoghurt vegetal soya trozos frutilla 140 g,Loncoleche,0,515,0,0,lacteos
Postre del sur chocolate 95 g,Colun,0,495,0,0,lacteos
Postre del sur tres leches 95 g,Colun,0,495,0,0,lacteos
Postre del sur manjar 95 g,Colun,0,495,0,0,lacteos
Yoghurt griego light frutilla 120 g,Colun,0,495,0,0,lacteos
Leche semidescremada Loncoleche sabor chocolate 200 ml,Loncoleche,0,485,0,0,lacteos
Leche semidescremada sin lactosa Loncoleche chocolate 200 ml,Loncoleche,0,485,0,0,lacteos
Leche semidescremada sin lactosa Loncoleche 200 ml,Loncoleche,0,485,0,0,lacteos
Leche vainilla 200 ml,Loncoleche,0,485,0,0,lacteos
Yoghurt 1+1 de 155 g,Soprole,0,469,0,0,lacteos
Crema Maggi de Espárragos 68g,Maggi,0,459,0,0,instantaneos-y-sopas
Sopa Maggi sabor Pollo con Arroz 70g,Maggi,0,459,0,0,instantaneos-y-sopas
Sopa Maggi sabor Costilla con Fideos 60g,Maggi,0,459,0,0,instantaneos-y-sopas
Sopa Maggi Pollo con Sémola 68g,Maggi,0,459,0,0,instantaneos-y-sopas
Crema Maggi Choclo 79g,Maggi,0,459,0,0,instantaneos-y-sopas
Crema Maggi de Tomates 78g,Maggi,0,459,0,0,instantaneos-y-sopas
Crema Maggi Zapallo 54g 4 porciones,Maggi,0,459,0,0,instantaneos-y-sopas
Crema Maggi Lentejas sabor Longaniza 63g 5 porciones,Maggi,0,459,0,0,instantaneos-y-sopas
Yoghurt trozo triple zero chía frutilla 120 g,Activia,0,445,0,0,lacteos
Sopa caracolitos Gourmet 74 g,Gourmet,0,439,0,0,instantaneos-y-sopas
Sopa pollo con fideos Gourmet 70 g,Gourmet,0,439,0,0,instantaneos-y-sopas
Sopa costilla con fideos Gourmet 62 g,Gourmet,0,439,0,0,instantaneos-y-sopas
Yoghurt batido natural 155 g,Soprole,0,369,0,0,lacteos
Sopa para Uno Maggi Pollo Merkén 16g,Maggi,0,369,0,0,instantaneos-y-sopas
Sopa para Uno Maggi Pollo Fideo 16g,Maggi,0,369,0,0,instantaneos-y-sopas
Sopa para Uno Maggi Lentejas 16g,Maggi,0,369,0,0,instantaneos-y-sopas
Sopa para Uno Maggi Costillas Fideos 16g,Maggi,0,369,0,0,instantaneos-y-sopas
Flan vainilla con salsa de caramelo 120 g,Soprole,0,345,0,0,lacteos
Flan de caramelo Postres de la Abuela 120 g,Soprole,0,345,0,0,lacteos
Jalea frambuesa 110 g,Soprole,0,335,0,0,lacteos
Jalea guinda 110 g,Soprole,0,335,0,0,lacteos
Yoghurt Batido Light Danone Frutilla 115 g,Light & Free,0,279,0,0,lacteos
Yoghurt Batido Light Danone Natural con Endulzante 115 g,Light & Free,0,279,0,0,lacteos
Yoghurt light batido Danone arándano 115 g,Danone,0,279,0,0,lacteos
Sopa para Uno Maggi Espárragos 14g,Maggi,0,239,0,0,instantaneos-y-sopas
Yoghurt Batido Nestlé Vainilla 115g,Nestlé,0,215,0,0,lacteos
Yoghurt Batido Nestlé Damasco 115g,Nestlé,0,215,0,0,lacteos
Yoghurt Batido Nestlé Frambuesa 115g,Nestlé,0,215,0,0,lacteos
Shampoo 400 ml + Acondicionador Regeneración Extrema 400 ml,Dove,0,0,0,0,belleza-y-cuidado-personal
Pétalos desmaquilladores,Family Care,0,0,0,0,belleza-y-cuidado-personal
Shampoo Limpieza Renovadora 375 ml,Head & Shoulders,0,0,0,0,belleza-y-cuidado-personal
Desodorante barra Xtreme Tech Ultra 50 g,Speed Stick,0,0,0,0,belleza-y-cuidado-personal
Desodorante Original spray 150 ml,Dove,0,0,0,0,belleza-y-cuidado-personal
Shampoo Anticaspa + Acondicionador Caspa Control 400 ml,Dove Men,0,0,0,0,belleza-y-cuidado-personal
Shampoo Essences agua de coco jazmín 400 ml,Herbal,0,0,0,0,belleza-y-cuidado-personal
Pasta dental Sensibilidad & Encías Blanqueador 100 g,Sensodyne,0,0,0,0,belleza-y-cuidado-personal
"Toallas higiénicas Kotex normal con alas 32 un,",Kotex,0,0,0,0,belleza-y-cuidado-personal
Acondicionador Color Vive 370 ml,Elvive,0,0,0,0,belleza-y-cuidado-personal
"Pack 2 un, Shampoo limpieza renovadora 375 ml",Head & Shoulders,0,0,0,0,belleza-y-cuidado-personal
Nuggets de pollo congelado bolsa 400 g,Super Pollo,0,0,0,0,congelados
Papas pre fritas 1 kg,Cuisine & Co,0,0,0,0,congelados
Nuggets de pollo congelado bolsa 400 g,Super Pollo,0,0,0,0,congelados
Hamburguesa de soya 100 g,La Crianza,0,0,0,0,congelados
Postre helado chocolate y vainilla con almendras caramelizadas 1 L,Carte Dor,0,0,0,0,congelados
Yoghurt Batido Nestlé Frutilla 115g,Nestlé,0,0,0,0,lacteos
Yoghurt semidescremado sin lactosa trozo berries 120 g,Loncoleche,0,0,0,0,lacteos
Huevos grandes blancos Cintazul 30 unid,Cintazul,0,0,0,0,lacteos
Leche en polvo descremada 350 g,Colun,0,0,0,0,lacteos
"Huevos grandes color 12 un,",Cintazul,0,0,0,0,lacteos
Postre Prestigio Mousse 80g,Nestlé,0,0,0,0,lacteos
Leche polvo semi descremada 800 g,Calo,0,0,0,0,lacteos
Leche Milo 200ml,Nestlé,0,0,0,0,lacteos
"Pack 6 un, Bebida láctea manzana 80 ml",Nestlé,0,0,0,0,lacteos
"Huevos extra blancos 12 un,",Cintazul,0,0,0,0,lacteos
Yoghurt Protein Plus probiótico frutilla 130 g,Colun,0,0,0,0,lacteos
Bocado con salsa de chocolate 120 g,Soprole,0,0,0,0,lacteos
Bocado con salsa de berries 120 g,Soprole,0,0,0,0,lacteos
Mantequilla ultra light Quillayes 200 g,Quillayes,0,0,0,0,lacteos
Yoghurt probiótico y vitamina D frutilla 120 g,Soprole Activ,0,0,0,0,lacteos
Yoghurt probiótico y vitamina D chirimoya 120 g,Soprole Activ,0,0,0,0,lacteos
Yoghurt light & fre SKYR berries 140 g,Danone,0,0,0,0,lacteos
Yoghurt Goodnes Skyr Frutilla 140g,Nestlé,0,0,0,0,lacteos
Yoghurt light & fre SKYR durazno 140 g,Danone,0,0,0,0,lacteos
Huevos Plus Omega 3 6 unid,Omega 3,0,0,0,0,lacteos
Yoghurt probiótico y vitamina D vainilla 120 g,Soprole Activ,0,0,0,0,lacteos
Leche cultivada light 0% + fibra frutilla 1 L,Colun,0,0,0,0,lacteos
Esparrago verde 340 g,Frutas Y Verduras Propias,0,0,0,0,verduras
Lechuga lollo rossa hidropónica unid,Frutas Y Verduras Propias,0,0,0,0,verduras
Ensalada toscana bolsa 300 g,Dole,0,0,0,0,verduras
Apio en bastones bolsa 500 g,Dole,0,0,0,0,verduras
"Ensalada corazón de costina bolsa 3 un,",Dole,0,0,0,0,verduras
Sopa Maggi Caracolitos 76g,Maggi,0,0,0,0,instantaneos-y-sopas
Crema de esparragos 68 g,Santa Isabel,0,0,0,0,instantaneos-y-sopas
Sopa instantánea con fideos sabor pollo 65 g,Traverso,0,0,0,0,instantaneos-y-sopas
Sopa instantánea con fideos sabor carne 65 g,Traverso,0,0,0,0,instantaneos-y-sopas
Pizza americana 4 quesos congelada 650 g,Cuisine & Co,0,0,0,0,comidas-preparadas
Pizza pollo barbecue 445 g,Cuisine & Co,0,0,0,0,comidas-preparadas
Tiramisú 6/p 500 g,Solo Italia,0,0,0,0,comidas-preparadas
Leche Trencito Chocolate 200ml,Nestlé,0,399,475,76,lacteos
Hamburguesa de vacuno 90 g,Super Beef,0,529,649,120,congelados
Hamburguesa vegana de garbanzos 100 g,Minuto Verde,0,719,849,130,congelados
Hamburguesa vegana de lentejas 100 g,Minuto Verde,0,719,849,130,congelados
Hamburguesa vegana de porotos 100 g,Minuto Verde,0,719,849,130,congelados
Hamburguesa vacuno 90 g,San Jorge,0,549,689,140,congelados
Notmilk chocolate 200 ml,Not Milk,0,639,799,160,lacteos
Empanadas napolitanas 432 g,Cuisine & Co,0,4790,4959,169,congelados
Empanadas de pino 432 g,Cuisine & Co,0,4790,4959,169,congelados
"Pasta dental triple 3 un, 90 g",Pepsodent,0,2790,2979,189,belleza-y-cuidado-personal
Pasta dental Luminous White carbón activado 90 g,Colgate,0,2690,2890,200,belleza-y-cuidado-personal
Pasta dental Luminous White Brilliant 90 g,Colgate,0,2690,2890,200,belleza-y-cuidado-personal
Hamburguesa vegana 100 g,Not Burger,0,1089,1299,210,congelados
Porotos verdes 350 g,Frutos Del Maipo,0,1350,1629,279,congelados
Huevos grandes blancos Santa Marta 12 unid,Santa Marta,0,2050,2349,299,lacteos
Pizzeta napolitana congelada 440 g,Cuisine & Co,0,4790,5090,300,congelados
"Jabón Dermo Care Hygienic 1,5 L",Simonds,0,2190,2490,300,belleza-y-cuidado-personal
Salteado Chapsui Wok bolsa 500 g,Frutos Del Maipo,0,1990,2319,329,congelados
Salteado Thai Wok bolsa 500 g,Frutos Del Maipo,0,1990,2319,329,congelados
"Toallas higiénicas Kotex Ultrafina suave 24 un,",Kotex,0,2759,3090,331,belleza-y-cuidado-personal
Mantequilla sin sal 250 g,Soprole,0,1990,2339,349,lacteos
Margarina mix pote 500 g,Cuisine & Co,0,2390,2749,359,lacteos
Choclo en granos 500 g,Frutos Del Maipo,0,1590,1959,369,congelados
Ensalada Primavera bolsa 500 g,Frutos Del Maipo,0,1590,1959,369,congelados
Arvejas 500 g,Frutos Del Maipo,0,1590,1959,369,congelados
Helado Frugelé Trisabor frambuesa limón manzana 1 L,Bresler,0,2117,2490,373,congelados
Helado Frugelé frutos rojos 1 L,Bresler,0,2117,2490,373,congelados
Leche cultivada probiótico y vitamina D frutilla 1 L,Soprole,0,1900,2279,379,lacteos
Leche cultivada probiótico y vitamina D chirimoya 1 L,Soprole,0,1900,2279,379,lacteos
Mantequilla con sal 250 g,Colun,0,1990,2379,389,lacteos
Shampoo Manzanilla doypack 750 ml,Ballerina,0,1250,1659,409,belleza-y-cuidado-personal
"Toallas higiénicas Nosotras Ultra Invisible malla 16 un,",Nosotras,0,1832,2290,458,belleza-y-cuidado-personal
Super acondicionador 1 min regeneración extrema 170 ml,Dove,0,2690,3150,460,belleza-y-cuidado-personal
"Toallas higiénicas Always Seca Ultrafina 24 un,",Always,0,2804,3299,495,belleza-y-cuidado-personal
Pizza listo jamón-queso 465 g,PF,0,3390,3890,500,comidas-preparadas
Pizza listo pepperoni 430 g,PF,0,3390,3890,500,comidas-preparadas
Pizza española listo 465 g,PF,0,3390,3890,500,comidas-preparadas
Pizza vegetariana listo 465 g,PF,0,3390,3890,500,comidas-preparadas
Margarina Light Sureña 500 g,Sureña,0,2071,2589,518,lacteos
Margarina Sureña 500 g,Sureña,0,2103,2629,526,lacteos
Helado lúcuma con capas cobertura de chocolate 1 L,Viennetta Bresler,0,3093,3639,546,congelados
Postre helado cappuccino 1 L,Viennetta Bresler,0,3093,3639,546,congelados
Postre helado vainilla chocolate 1 L,Viennetta Bresler,0,3093,3639,546,congelados
"Helado Kriko mini 6 un, 50 ml c/u",Savory,0,3119,3669,550,congelados
Helado Chocolito Mini Multipack 10x50ml,Savory,0,3144,3699,555,congelados
Helado Crocanty Mini Multipack 400ml (8x50ml),Savory,0,3170,3729,559,congelados
Helado Centella 3 sabores Multipack 21x52g,Savory,0,3188,3750,562,congelados
"Toallas higiénicas Ladysoft nocturna ultraseca 16 un,",Ladysoft,0,2390,2959,569,belleza-y-cuidado-personal
Desodorante Musk aerosol 150 ml,Axe,0,2179,2769,590,belleza-y-cuidado-personal
Helado Savory Pura Fruta Multipack Mango 6x50ml,Savory,0,3399,3999,600,congelados
"Jabón barra aloe 3 un, 90 g c/u",Protex,0,1990,2599,609,belleza-y-cuidado-personal
Helado Savory Pura Fruta Frambuesa Chocolate amargo Paleta Multipack 6x50ml,Savory,0,3528,4150,622,congelados
Helado Savory Pura Fruta Multipack Frambuesa 6x50 ml,Savory,0,3569,4199,630,congelados
"Pack pasta dental sabor menta 158 g 2 un,",Aquafresh,0,2543,3179,636,belleza-y-cuidado-personal
Desodorante Protection 5 spray 150 ml,BiO,0,1949,2599,650,belleza-y-cuidado-personal
Desodorante Clarify spray mujer 150 ml,BiO,0,1949,2599,650,belleza-y-cuidado-personal
Desodorante Protection 5 spray 150 ml,BiO,0,1949,2599,650,belleza-y-cuidado-personal
Desodorante Olorblock spray 150 ml,BiO,0,1949,2599,650,belleza-y-cuidado-personal
Helado Mega Mini Frambuesa Multipack 5x60ml,Mega,0,3722,4379,657,congelados
Helado Sahne Nuss Paleta Mini Multipack 5x60ml,Sahne Nuss,0,3722,4379,657,congelados
Helado Danky Mini Nogatonga Multipack 5x80ml,Savory,0,3722,4379,657,congelados
Helado Sahne Nuss Cono Mini Multipack 5x80ml,Savory,0,3722,4379,657,congelados
Helado Kit Kat Paleta Multipack 5x55ml,Savory,0,3722,4379,657,congelados
"Multipack 5 un, Mini Mega cookies & cream manjar 60 ml",Savory,0,3732,4390,658,congelados
"Pasta dental Ultra Blanco 3 un, 90 g c/u",Colgate,0,2590,3249,659,belleza-y-cuidado-personal
Desodorante aerosol Rexona Women Powder Dry 150 ml,Rexona,0,2289,2949,660,belleza-y-cuidado-personal
Desodorante aerosol Rexona Men Invisible 150 ml,Rexona Men,0,2289,2949,660,belleza-y-cuidado-personal
"Toallas higiénicas Nosotras Sensitiv ultra invisible 24 un,",Nosotras,0,2719,3399,680,belleza-y-cuidado-personal
Helado Carezza postre 1 L,Bresler,0,3926,4619,693,congelados
"Pack 3 un, Pasta dental sabor menta 378 g",Aquafresh,0,2792,3490,698,belleza-y-cuidado-personal
Helado Rolls Crocante 900 ml,Bresler,0,3960,4659,699,congelados
"Pasta dental Triple Acción xtra blancura 3 un, 75 ml c/u",Colgate,0,2890,3590,700,belleza-y-cuidado-personal
"Pasta dental Triple Acción xtra frescura 3 un, 75 ml c/u",Colgate,0,2890,3590,700,belleza-y-cuidado-personal
"Helado Frac vainilla multipack 5 un, 70 ml c/u",Bresler,0,3230,3939,709,congelados
Postre helado chocolate signature 1 L,Carte Dor,0,4054,4769,715,congelados
Shampoo Pro-V Hidratación Extrema 300 ml,Pantene,0,1990,2739,749,belleza-y-cuidado-personal
Acondicionador Pro-V Hidratación 300 ml,Pantene,0,1990,2739,749,belleza-y-cuidado-personal
Shampoo Pro-V Restauración 300 ml,Pantene,0,1990,2739,749,belleza-y-cuidado-personal
Acondicionador Pro-V restauración 300 ml,Pantene,0,1990,2739,749,belleza-y-cuidado-personal
Helado cookies and cream 792 g,Cuisine & Co,0,4790,5549,759,congelados
Helado fudge brownie 780 g,Cuisine & Co,0,4790,5549,759,congelados
Helado swirl caramel 836 g,Cuisine & Co,0,4790,5549,759,congelados
Helado vainilla bean 792 g,Cuisine & Co,0,4790,5549,759,congelados
Helado chocolate light 792 g,Cuisine & Co,0,4790,5549,759,congelados
Helado strawberries 840 g,Cuisine & Co,0,4790,5549,759,congelados
Helado Savory Chocolate Suizo Cassata 1L,Savory,0,2190,2979,789,congelados
Helado Savory Brick Trisabor Cassata 1L,Savory,0,2190,2979,789,congelados
Helado Savory Vainilla Cassata 1L,Savory,0,2190,2979,789,congelados
Helado Savory Pasas al Ron Cassata 1L,Savory,0,2190,2979,789,congelados
Helado Savory Chirimoya Alegre Cassata 1L,Savory,0,2190,2979,789,congelados
Helado Savory Tres Leches Cassata 1L,Savory,0,2190,2979,789,congelados
Helado Savory Chocolate Suizo y Frutos del bosque 1L,Savory,0,2190,2979,789,congelados
Helado Savory Lúcuma Cassata 1L,Savory,0,2190,2979,789,congelados
Helado Savory Piña Cassata 1L,Savory,0,2190,2979,789,congelados
Helado Savory Selva negra Cassata 1L,Savory,0,2190,2979,789,congelados
Desodorante crema Rexona Extra Dry 48 g,Rexona Clinical,0,4504,5299,795,belleza-y-cuidado-personal
Desodorante crema Rexona Clean 48 g,Rexona Men Clinical,0,4504,5299,795,belleza-y-cuidado-personal
Desodorante crema Rexona Classic 48 g,Rexona Clinical,0,4504,5299,795,belleza-y-cuidado-personal
Enjuague Bucal Menta Fresca 500 cc,Oral Fresh,0,2393,3190,797,belleza-y-cuidado-personal
Enjuague bucal Oral Fresh menta fuerte 500 ml,Oral-B,0,2393,3190,797,belleza-y-cuidado-personal
"Helado mini almendras 5 un, 60 ml c/u",Magnum,0,3829,4669,840,congelados
"Helado Magnum mini cookies & cream 5 un, 60 ml c/u",Magnum,0,3829,4669,840,congelados
"Pasta dental Xtra Whitening 3 un, 90 g",Pepsodent,0,2135,2979,844,belleza-y-cuidado-personal
Jabón líquido original 700 ml,Dove,0,2659,3549,890,belleza-y-cuidado-personal
Jabón líquido karité 700 ml,Dove,0,2659,3549,890,belleza-y-cuidado-personal
Jabón líquido mandarina 700 ml,Dove,0,2659,3549,890,belleza-y-cuidado-personal
Shampoo Pro-V Rizos Definidos 300 ml,Pantene,0,1990,2889,899,belleza-y-cuidado-personal
Acondicionador Pro-V rizos definidos 300 ml,Pantene,0,1990,2889,899,belleza-y-cuidado-personal
"Helado multipack Frugelé 18 un, 60 ml c/u",Bresler,0,4509,5499,990,congelados
"Jabón barra original 3 un, de 90 g",Dove,0,2659,3659,1000,belleza-y-cuidado-personal
Shampoo Fuerza Extrema 400 ml,Dove Men,0,2690,3699,1009,belleza-y-cuidado-personal
Postre helado chocolate blanco frambuesa 900 ml,Magnum,0,4279,5349,1070,congelados
Postre helado chocolate nuss 900 ml,Magnum,0,4279,5349,1070,congelados
"Helado bresler pote cassata 2,4l",Bresler,0,4359,5449,1090,congelados
"Helado Trisabor chocolate lúcuma y manjar 2,4 L",Bresler,0,4359,5449,1090,congelados
Shampoo Reconstrucción Completa 400 ml,Dove,0,2690,3849,1159,belleza-y-cuidado-personal
Acondicionador Hidratación Intensa 400 ml,Dove,0,2690,3849,1159,belleza-y-cuidado-personal
Leche en Polvo Nido Forticrece Sin lactosa 1440g,Nido,0,14550,18899,4349,lacteos